Analysis & Synthesis report for Minilab3
Fri Feb 14 19:29:33 2025
Quartus Prime Version 23.1std.0 Build 991 11/28/2023 SC Lite Edition


---------------------
; Table of Contents ;
---------------------
  1. Legal Notice
  2. Analysis & Synthesis Summary
  3. Analysis & Synthesis Settings
  4. Parallel Compilation
  5. Analysis & Synthesis Source Files Read
  6. Analysis & Synthesis Resource Usage Summary
  7. Analysis & Synthesis Resource Utilization by Entity
  8. Analysis & Synthesis RAM Summary
  9. Analysis & Synthesis IP Cores Summary
 10. State Machine - |Minilab3|driver:driver0|state
 11. Logic Cells Representing Combinational Loops
 12. Registers Removed During Synthesis
 13. General Register Statistics
 14. Inverted Register Statistics
 15. Multiplexer Restructuring Statistics (Restructuring Performed)
 16. Source assignments for sld_signaltap:auto_signaltap_0
 17. Parameter Settings for Inferred Entity Instance: sld_signaltap:auto_signaltap_0
 18. Port Connectivity Checks: "spart:spart0|UART_rx:U_RX"
 19. Port Connectivity Checks: "spart:spart0|UART_tx:U_TX"
 20. Signal Tap Logic Analyzer Settings
 21. Post-Synthesis Netlist Statistics for Top Partition
 22. Elapsed Time Per Partition
 23. Connections to In-System Debugging Instance "auto_signaltap_0"
 24. Analysis & Synthesis Messages



----------------
; Legal Notice ;
----------------
Copyright (C) 2023  Intel Corporation. All rights reserved.
Your use of Intel Corporation's design tools, logic functions 
and other software and tools, and any partner logic 
functions, and any output files from any of the foregoing 
(including device programming or simulation files), and any 
associated documentation or information are expressly subject 
to the terms and conditions of the Intel Program License 
Subscription Agreement, the Intel Quartus Prime License Agreement,
the Intel FPGA IP License Agreement, or other applicable license
agreement, including, without limitation, that your use is for
the sole purpose of programming logic devices manufactured by
Intel and sold by Intel or its authorized distributors.  Please
refer to the applicable agreement for further details, at
https://fpgasoftware.intel.com/eula.



+----------------------------------------------------------------------------------+
; Analysis & Synthesis Summary                                                     ;
+---------------------------------+------------------------------------------------+
; Analysis & Synthesis Status     ; Successful - Fri Feb 14 19:29:33 2025          ;
; Quartus Prime Version           ; 23.1std.0 Build 991 11/28/2023 SC Lite Edition ;
; Revision Name                   ; Minilab3                                       ;
; Top-level Entity Name           ; Minilab3                                       ;
; Family                          ; Cyclone V                                      ;
; Logic utilization (in ALMs)     ; N/A                                            ;
; Total registers                 ; 474                                            ;
; Total pins                      ; 106                                            ;
; Total virtual pins              ; 0                                              ;
; Total block memory bits         ; 384                                            ;
; Total DSP Blocks                ; 0                                              ;
; Total HSSI RX PCSs              ; 0                                              ;
; Total HSSI PMA RX Deserializers ; 0                                              ;
; Total HSSI TX PCSs              ; 0                                              ;
; Total HSSI PMA TX Serializers   ; 0                                              ;
; Total PLLs                      ; 0                                              ;
; Total DLLs                      ; 0                                              ;
+---------------------------------+------------------------------------------------+


+---------------------------------------------------------------------------------------------------------------------------+
; Analysis & Synthesis Settings                                                                                             ;
+---------------------------------------------------------------------------------+--------------------+--------------------+
; Option                                                                          ; Setting            ; Default Value      ;
+---------------------------------------------------------------------------------+--------------------+--------------------+
; Device                                                                          ; 5CSEMA5F31C6       ;                    ;
; Top-level entity name                                                           ; Minilab3           ; Minilab3           ;
; Family name                                                                     ; Cyclone V          ; Cyclone V          ;
; Use smart compilation                                                           ; Off                ; Off                ;
; Enable parallel Assembler and Timing Analyzer during compilation                ; On                 ; On                 ;
; Enable compact report table                                                     ; Off                ; Off                ;
; Restructure Multiplexers                                                        ; Auto               ; Auto               ;
; MLAB Add Timing Constraints For Mixed-Port Feed-Through Mode Setting Don't Care ; Off                ; Off                ;
; Create Debugging Nodes for IP Cores                                             ; Off                ; Off                ;
; Preserve fewer node names                                                       ; On                 ; On                 ;
; Intel FPGA IP Evaluation Mode                                                   ; Enable             ; Enable             ;
; Verilog Version                                                                 ; Verilog_2001       ; Verilog_2001       ;
; VHDL Version                                                                    ; VHDL_1993          ; VHDL_1993          ;
; State Machine Processing                                                        ; Auto               ; Auto               ;
; Safe State Machine                                                              ; Off                ; Off                ;
; Extract Verilog State Machines                                                  ; On                 ; On                 ;
; Extract VHDL State Machines                                                     ; On                 ; On                 ;
; Ignore Verilog initial constructs                                               ; Off                ; Off                ;
; Iteration limit for constant Verilog loops                                      ; 5000               ; 5000               ;
; Iteration limit for non-constant Verilog loops                                  ; 250                ; 250                ;
; Add Pass-Through Logic to Inferred RAMs                                         ; On                 ; On                 ;
; Infer RAMs from Raw Logic                                                       ; On                 ; On                 ;
; Parallel Synthesis                                                              ; On                 ; On                 ;
; DSP Block Balancing                                                             ; Auto               ; Auto               ;
; NOT Gate Push-Back                                                              ; On                 ; On                 ;
; Power-Up Don't Care                                                             ; On                 ; On                 ;
; Remove Redundant Logic Cells                                                    ; Off                ; Off                ;
; Remove Duplicate Registers                                                      ; On                 ; On                 ;
; Ignore CARRY Buffers                                                            ; Off                ; Off                ;
; Ignore CASCADE Buffers                                                          ; Off                ; Off                ;
; Ignore GLOBAL Buffers                                                           ; Off                ; Off                ;
; Ignore ROW GLOBAL Buffers                                                       ; Off                ; Off                ;
; Ignore LCELL Buffers                                                            ; Off                ; Off                ;
; Ignore SOFT Buffers                                                             ; On                 ; On                 ;
; Limit AHDL Integers to 32 Bits                                                  ; Off                ; Off                ;
; Optimization Technique                                                          ; Balanced           ; Balanced           ;
; Carry Chain Length                                                              ; 70                 ; 70                 ;
; Auto Carry Chains                                                               ; On                 ; On                 ;
; Auto Open-Drain Pins                                                            ; On                 ; On                 ;
; Perform WYSIWYG Primitive Resynthesis                                           ; Off                ; Off                ;
; Auto ROM Replacement                                                            ; On                 ; On                 ;
; Auto RAM Replacement                                                            ; On                 ; On                 ;
; Auto DSP Block Replacement                                                      ; On                 ; On                 ;
; Auto Shift Register Replacement                                                 ; Auto               ; Auto               ;
; Allow Shift Register Merging across Hierarchies                                 ; Auto               ; Auto               ;
; Auto Clock Enable Replacement                                                   ; On                 ; On                 ;
; Strict RAM Replacement                                                          ; Off                ; Off                ;
; Allow Synchronous Control Signals                                               ; On                 ; On                 ;
; Force Use of Synchronous Clear Signals                                          ; Off                ; Off                ;
; Auto Resource Sharing                                                           ; Off                ; Off                ;
; Allow Any RAM Size For Recognition                                              ; Off                ; Off                ;
; Allow Any ROM Size For Recognition                                              ; Off                ; Off                ;
; Allow Any Shift Register Size For Recognition                                   ; Off                ; Off                ;
; Use LogicLock Constraints during Resource Balancing                             ; On                 ; On                 ;
; Ignore translate_off and synthesis_off directives                               ; Off                ; Off                ;
; Timing-Driven Synthesis                                                         ; On                 ; On                 ;
; Report Parameter Settings                                                       ; On                 ; On                 ;
; Report Source Assignments                                                       ; On                 ; On                 ;
; Report Connectivity Checks                                                      ; On                 ; On                 ;
; Ignore Maximum Fan-Out Assignments                                              ; Off                ; Off                ;
; Synchronization Register Chain Length                                           ; 3                  ; 3                  ;
; Power Optimization During Synthesis                                             ; Normal compilation ; Normal compilation ;
; HDL message level                                                               ; Level2             ; Level2             ;
; Suppress Register Optimization Related Messages                                 ; Off                ; Off                ;
; Number of Removed Registers Reported in Synthesis Report                        ; 5000               ; 5000               ;
; Number of Swept Nodes Reported in Synthesis Report                              ; 5000               ; 5000               ;
; Number of Inverted Registers Reported in Synthesis Report                       ; 100                ; 100                ;
; Clock MUX Protection                                                            ; On                 ; On                 ;
; Auto Gated Clock Conversion                                                     ; Off                ; Off                ;
; Block Design Naming                                                             ; Auto               ; Auto               ;
; SDC constraint protection                                                       ; Off                ; Off                ;
; Synthesis Effort                                                                ; Auto               ; Auto               ;
; Shift Register Replacement - Allow Asynchronous Clear Signal                    ; On                 ; On                 ;
; Pre-Mapping Resynthesis Optimization                                            ; Off                ; Off                ;
; Analysis & Synthesis Message Level                                              ; Medium             ; Medium             ;
; Disable Register Merging Across Hierarchies                                     ; Auto               ; Auto               ;
; Resource Aware Inference For Block RAM                                          ; On                 ; On                 ;
; Automatic Parallel Synthesis                                                    ; On                 ; On                 ;
; Partial Reconfiguration Bitstream ID                                            ; Off                ; Off                ;
+---------------------------------------------------------------------------------+--------------------+--------------------+


+------------------------------------------+
; Parallel Compilation                     ;
+----------------------------+-------------+
; Processors                 ; Number      ;
+----------------------------+-------------+
; Number detected on machine ; 20          ;
; Maximum allowed            ; 14          ;
;                            ;             ;
; Average used               ; 1.00        ;
; Maximum used               ; 14          ;
;                            ;             ;
; Usage by Processor         ; % Time Used ;
;     Processor 1            ; 100.0%      ;
;     Processors 2-14        ;   0.0%      ;
+----------------------------+-------------+


+---------------------------------------------------------------------------------------------------------------------------------------------------------------------------------------------------------------------------------------------------------+
; Analysis & Synthesis Source Files Read                                                                                                                                                                                                                  ;
+--------------------------------------------------------------------+-----------------+----------------------------------------------+-----------------------------------------------------------------------------------------------------+-------------+
; File Name with User-Entered Path                                   ; Used in Netlist ; File Type                                    ; File Name with Absolute Path                                                                        ; Library     ;
+--------------------------------------------------------------------+-----------------+----------------------------------------------+-----------------------------------------------------------------------------------------------------+-------------+
; ../UART_tx.sv                                                      ; yes             ; User SystemVerilog HDL File                  ; I:/ECE554/minilab3/UART_tx.sv                                                                       ;             ;
; ../UART_rx.sv                                                      ; yes             ; User SystemVerilog HDL File                  ; I:/ECE554/minilab3/UART_rx.sv                                                                       ;             ;
; ../spart.sv                                                        ; yes             ; User SystemVerilog HDL File                  ; I:/ECE554/minilab3/spart.sv                                                                         ;             ;
; ../driver.sv                                                       ; yes             ; User SystemVerilog HDL File                  ; I:/ECE554/minilab3/driver.sv                                                                        ;             ;
; minilab3.v                                                         ; yes             ; Auto-Found Verilog HDL File                  ; I:/ECE554/minilab3/minilab3_proj/minilab3.v                                                         ;             ;
; sld_signaltap.vhd                                                  ; yes             ; Megafunction                                 ; c:/intelfpga_lite/23.1std/quartus/libraries/megafunctions/sld_signaltap.vhd                         ;             ;
; sld_signaltap_impl.vhd                                             ; yes             ; Encrypted Megafunction                       ; c:/intelfpga_lite/23.1std/quartus/libraries/megafunctions/sld_signaltap_impl.vhd                    ;             ;
; sld_ela_control.vhd                                                ; yes             ; Encrypted Megafunction                       ; c:/intelfpga_lite/23.1std/quartus/libraries/megafunctions/sld_ela_control.vhd                       ;             ;
; lpm_shiftreg.tdf                                                   ; yes             ; Megafunction                                 ; c:/intelfpga_lite/23.1std/quartus/libraries/megafunctions/lpm_shiftreg.tdf                          ;             ;
; lpm_constant.inc                                                   ; yes             ; Megafunction                                 ; c:/intelfpga_lite/23.1std/quartus/libraries/megafunctions/lpm_constant.inc                          ;             ;
; dffeea.inc                                                         ; yes             ; Megafunction                                 ; c:/intelfpga_lite/23.1std/quartus/libraries/megafunctions/dffeea.inc                                ;             ;
; aglobal231.inc                                                     ; yes             ; Megafunction                                 ; c:/intelfpga_lite/23.1std/quartus/libraries/megafunctions/aglobal231.inc                            ;             ;
; sld_mbpmg.vhd                                                      ; yes             ; Encrypted Megafunction                       ; c:/intelfpga_lite/23.1std/quartus/libraries/megafunctions/sld_mbpmg.vhd                             ;             ;
; sld_transition_detector.vhd                                        ; yes             ; Encrypted Megafunction                       ; c:/intelfpga_lite/23.1std/quartus/libraries/megafunctions/sld_transition_detector.vhd               ;             ;
; sld_ela_trigger_flow_sel.tdf                                       ; yes             ; Encrypted Megafunction                       ; c:/intelfpga_lite/23.1std/quartus/libraries/megafunctions/sld_ela_trigger_flow_sel.tdf              ;             ;
; db/sld_ela_trigger_flow_sel_8k31.tdf                               ; yes             ; Auto-Generated Megafunction                  ; I:/ECE554/minilab3/minilab3_proj/db/sld_ela_trigger_flow_sel_8k31.tdf                               ;             ;
; db/sld_reserved_minilab3_auto_signaltap_0_flow_mgr_e982.v          ; yes             ; Encrypted Auto-Generated Megafunction        ; I:/ECE554/minilab3/minilab3_proj/db/sld_reserved_minilab3_auto_signaltap_0_flow_mgr_e982.v          ;             ;
; sld_buffer_manager.vhd                                             ; yes             ; Encrypted Megafunction                       ; c:/intelfpga_lite/23.1std/quartus/libraries/megafunctions/sld_buffer_manager.vhd                    ;             ;
; sld_gap_detector.vhd                                               ; yes             ; Encrypted Megafunction                       ; c:/intelfpga_lite/23.1std/quartus/libraries/megafunctions/sld_gap_detector.vhd                      ;             ;
; altsyncram.tdf                                                     ; yes             ; Megafunction                                 ; c:/intelfpga_lite/23.1std/quartus/libraries/megafunctions/altsyncram.tdf                            ;             ;
; stratix_ram_block.inc                                              ; yes             ; Megafunction                                 ; c:/intelfpga_lite/23.1std/quartus/libraries/megafunctions/stratix_ram_block.inc                     ;             ;
; lpm_mux.inc                                                        ; yes             ; Megafunction                                 ; c:/intelfpga_lite/23.1std/quartus/libraries/megafunctions/lpm_mux.inc                               ;             ;
; lpm_decode.inc                                                     ; yes             ; Megafunction                                 ; c:/intelfpga_lite/23.1std/quartus/libraries/megafunctions/lpm_decode.inc                            ;             ;
; a_rdenreg.inc                                                      ; yes             ; Megafunction                                 ; c:/intelfpga_lite/23.1std/quartus/libraries/megafunctions/a_rdenreg.inc                             ;             ;
; altrom.inc                                                         ; yes             ; Megafunction                                 ; c:/intelfpga_lite/23.1std/quartus/libraries/megafunctions/altrom.inc                                ;             ;
; altram.inc                                                         ; yes             ; Megafunction                                 ; c:/intelfpga_lite/23.1std/quartus/libraries/megafunctions/altram.inc                                ;             ;
; altdpram.inc                                                       ; yes             ; Megafunction                                 ; c:/intelfpga_lite/23.1std/quartus/libraries/megafunctions/altdpram.inc                              ;             ;
; db/altsyncram_c884.tdf                                             ; yes             ; Auto-Generated Megafunction                  ; I:/ECE554/minilab3/minilab3_proj/db/altsyncram_c884.tdf                                             ;             ;
; altdpram.tdf                                                       ; yes             ; Megafunction                                 ; c:/intelfpga_lite/23.1std/quartus/libraries/megafunctions/altdpram.tdf                              ;             ;
; memmodes.inc                                                       ; yes             ; Megafunction                                 ; c:/intelfpga_lite/23.1std/quartus/libraries/others/maxplus2/memmodes.inc                            ;             ;
; a_hdffe.inc                                                        ; yes             ; Megafunction                                 ; c:/intelfpga_lite/23.1std/quartus/libraries/megafunctions/a_hdffe.inc                               ;             ;
; alt_le_rden_reg.inc                                                ; yes             ; Megafunction                                 ; c:/intelfpga_lite/23.1std/quartus/libraries/megafunctions/alt_le_rden_reg.inc                       ;             ;
; altsyncram.inc                                                     ; yes             ; Megafunction                                 ; c:/intelfpga_lite/23.1std/quartus/libraries/megafunctions/altsyncram.inc                            ;             ;
; lpm_mux.tdf                                                        ; yes             ; Megafunction                                 ; c:/intelfpga_lite/23.1std/quartus/libraries/megafunctions/lpm_mux.tdf                               ;             ;
; muxlut.inc                                                         ; yes             ; Megafunction                                 ; c:/intelfpga_lite/23.1std/quartus/libraries/megafunctions/muxlut.inc                                ;             ;
; bypassff.inc                                                       ; yes             ; Megafunction                                 ; c:/intelfpga_lite/23.1std/quartus/libraries/megafunctions/bypassff.inc                              ;             ;
; altshift.inc                                                       ; yes             ; Megafunction                                 ; c:/intelfpga_lite/23.1std/quartus/libraries/megafunctions/altshift.inc                              ;             ;
; db/mux_elc.tdf                                                     ; yes             ; Auto-Generated Megafunction                  ; I:/ECE554/minilab3/minilab3_proj/db/mux_elc.tdf                                                     ;             ;
; lpm_decode.tdf                                                     ; yes             ; Megafunction                                 ; c:/intelfpga_lite/23.1std/quartus/libraries/megafunctions/lpm_decode.tdf                            ;             ;
; declut.inc                                                         ; yes             ; Megafunction                                 ; c:/intelfpga_lite/23.1std/quartus/libraries/megafunctions/declut.inc                                ;             ;
; lpm_compare.inc                                                    ; yes             ; Megafunction                                 ; c:/intelfpga_lite/23.1std/quartus/libraries/megafunctions/lpm_compare.inc                           ;             ;
; db/decode_vnf.tdf                                                  ; yes             ; Auto-Generated Megafunction                  ; I:/ECE554/minilab3/minilab3_proj/db/decode_vnf.tdf                                                  ;             ;
; lpm_counter.tdf                                                    ; yes             ; Megafunction                                 ; c:/intelfpga_lite/23.1std/quartus/libraries/megafunctions/lpm_counter.tdf                           ;             ;
; lpm_add_sub.inc                                                    ; yes             ; Megafunction                                 ; c:/intelfpga_lite/23.1std/quartus/libraries/megafunctions/lpm_add_sub.inc                           ;             ;
; cmpconst.inc                                                       ; yes             ; Megafunction                                 ; c:/intelfpga_lite/23.1std/quartus/libraries/megafunctions/cmpconst.inc                              ;             ;
; lpm_counter.inc                                                    ; yes             ; Megafunction                                 ; c:/intelfpga_lite/23.1std/quartus/libraries/megafunctions/lpm_counter.inc                           ;             ;
; alt_counter_stratix.inc                                            ; yes             ; Megafunction                                 ; c:/intelfpga_lite/23.1std/quartus/libraries/megafunctions/alt_counter_stratix.inc                   ;             ;
; db/cntr_b7i.tdf                                                    ; yes             ; Auto-Generated Megafunction                  ; I:/ECE554/minilab3/minilab3_proj/db/cntr_b7i.tdf                                                    ;             ;
; db/cmpr_a9c.tdf                                                    ; yes             ; Auto-Generated Megafunction                  ; I:/ECE554/minilab3/minilab3_proj/db/cmpr_a9c.tdf                                                    ;             ;
; db/cntr_4vi.tdf                                                    ; yes             ; Auto-Generated Megafunction                  ; I:/ECE554/minilab3/minilab3_proj/db/cntr_4vi.tdf                                                    ;             ;
; db/cntr_09i.tdf                                                    ; yes             ; Auto-Generated Megafunction                  ; I:/ECE554/minilab3/minilab3_proj/db/cntr_09i.tdf                                                    ;             ;
; db/cmpr_c9c.tdf                                                    ; yes             ; Auto-Generated Megafunction                  ; I:/ECE554/minilab3/minilab3_proj/db/cmpr_c9c.tdf                                                    ;             ;
; db/cntr_kri.tdf                                                    ; yes             ; Auto-Generated Megafunction                  ; I:/ECE554/minilab3/minilab3_proj/db/cntr_kri.tdf                                                    ;             ;
; db/cmpr_99c.tdf                                                    ; yes             ; Auto-Generated Megafunction                  ; I:/ECE554/minilab3/minilab3_proj/db/cmpr_99c.tdf                                                    ;             ;
; sld_rom_sr.vhd                                                     ; yes             ; Encrypted Megafunction                       ; c:/intelfpga_lite/23.1std/quartus/libraries/megafunctions/sld_rom_sr.vhd                            ;             ;
; sld_jtag_endpoint_adapter.vhd                                      ; yes             ; Encrypted Megafunction                       ; c:/intelfpga_lite/23.1std/quartus/libraries/megafunctions/sld_jtag_endpoint_adapter.vhd             ;             ;
; sld_jtag_endpoint_adapter_impl.sv                                  ; yes             ; Encrypted Megafunction                       ; c:/intelfpga_lite/23.1std/quartus/libraries/megafunctions/sld_jtag_endpoint_adapter_impl.sv         ;             ;
; sld_hub.vhd                                                        ; yes             ; Encrypted Megafunction                       ; c:/intelfpga_lite/23.1std/quartus/libraries/megafunctions/sld_hub.vhd                               ; altera_sld  ;
; db/ip/sld93d01841/alt_sld_fab.v                                    ; yes             ; Encrypted Auto-Found Verilog HDL File        ; I:/ECE554/minilab3/minilab3_proj/db/ip/sld93d01841/alt_sld_fab.v                                    ; alt_sld_fab ;
; db/ip/sld93d01841/submodules/alt_sld_fab_alt_sld_fab.v             ; yes             ; Encrypted Auto-Found Verilog HDL File        ; I:/ECE554/minilab3/minilab3_proj/db/ip/sld93d01841/submodules/alt_sld_fab_alt_sld_fab.v             ; alt_sld_fab ;
; db/ip/sld93d01841/submodules/alt_sld_fab_alt_sld_fab_ident.sv      ; yes             ; Auto-Found SystemVerilog HDL File            ; I:/ECE554/minilab3/minilab3_proj/db/ip/sld93d01841/submodules/alt_sld_fab_alt_sld_fab_ident.sv      ; alt_sld_fab ;
; db/ip/sld93d01841/submodules/alt_sld_fab_alt_sld_fab_presplit.sv   ; yes             ; Encrypted Auto-Found SystemVerilog HDL File  ; I:/ECE554/minilab3/minilab3_proj/db/ip/sld93d01841/submodules/alt_sld_fab_alt_sld_fab_presplit.sv   ; alt_sld_fab ;
; db/ip/sld93d01841/submodules/alt_sld_fab_alt_sld_fab_sldfabric.vhd ; yes             ; Encrypted Auto-Found VHDL File               ; I:/ECE554/minilab3/minilab3_proj/db/ip/sld93d01841/submodules/alt_sld_fab_alt_sld_fab_sldfabric.vhd ; alt_sld_fab ;
; db/ip/sld93d01841/submodules/alt_sld_fab_alt_sld_fab_splitter.sv   ; yes             ; Encrypted Auto-Found SystemVerilog HDL File  ; I:/ECE554/minilab3/minilab3_proj/db/ip/sld93d01841/submodules/alt_sld_fab_alt_sld_fab_splitter.sv   ; alt_sld_fab ;
; sld_jtag_hub.vhd                                                   ; yes             ; Encrypted Megafunction                       ; c:/intelfpga_lite/23.1std/quartus/libraries/megafunctions/sld_jtag_hub.vhd                          ;             ;
+--------------------------------------------------------------------+-----------------+----------------------------------------------+-----------------------------------------------------------------------------------------------------+-------------+


+------------------------------------------------------------------------+
; Analysis & Synthesis Resource Usage Summary                            ;
+---------------------------------------------+--------------------------+
; Resource                                    ; Usage                    ;
+---------------------------------------------+--------------------------+
; Estimate of Logic utilization (ALMs needed) ; 312                      ;
;                                             ;                          ;
; Combinational ALUT usage for logic          ; 440                      ;
;     -- 7 input functions                    ; 3                        ;
;     -- 6 input functions                    ; 87                       ;
;     -- 5 input functions                    ; 80                       ;
;     -- 4 input functions                    ; 62                       ;
;     -- <=3 input functions                  ; 208                      ;
;                                             ;                          ;
; Dedicated logic registers                   ; 474                      ;
;                                             ;                          ;
; I/O pins                                    ; 106                      ;
; Total MLAB memory bits                      ; 0                        ;
; Total block memory bits                     ; 384                      ;
;                                             ;                          ;
; Total DSP Blocks                            ; 0                        ;
;                                             ;                          ;
; Maximum fan-out node                        ; altera_internal_jtag~TDO ;
; Maximum fan-out                             ; 286                      ;
; Total fan-out                               ; 3587                     ;
; Average fan-out                             ; 3.06                     ;
+---------------------------------------------+--------------------------+


+-------------------------------------------------------------------------------------------------------------------------------------------------------------------------------------------------------------------------------------------------------------------------------------------------------------------------------------------------------------------------------------------------------------------------------------------------------------------------------------------------------------------------------------------------------------------------------------------------------------------------------------------------------------------------------+
; Analysis & Synthesis Resource Utilization by Entity                                                                                                                                                                                                                                                                                                                                                                                                                                                                                                                                                                                                                           ;
+-----------------------------------------------------------------------------------------------------------------------------------------+---------------------+---------------------------+-------------------+------------+------+--------------+------------------------------------------------------------------------------------------------------------------------------------------------------------------------------------------------------------------------------------------------------------------------------------------------------------------------------------------------------+------------------------------------------------------+--------------+
; Compilation Hierarchy Node                                                                                                              ; Combinational ALUTs ; Dedicated Logic Registers ; Block Memory Bits ; DSP Blocks ; Pins ; Virtual Pins ; Full Hierarchy Name                                                                                                                                                                                                                                                                                                                                  ; Entity Name                                          ; Library Name ;
+-----------------------------------------------------------------------------------------------------------------------------------------+---------------------+---------------------------+-------------------+------------+------+--------------+------------------------------------------------------------------------------------------------------------------------------------------------------------------------------------------------------------------------------------------------------------------------------------------------------------------------------------------------------+------------------------------------------------------+--------------+
; |Minilab3                                                                                                                               ; 440 (7)             ; 474 (0)                   ; 384               ; 0          ; 106  ; 0            ; |Minilab3                                                                                                                                                                                                                                                                                                                                            ; Minilab3                                             ; work         ;
;    |driver:driver0|                                                                                                                     ; 12 (12)             ; 13 (13)                   ; 0                 ; 0          ; 0    ; 0            ; |Minilab3|driver:driver0                                                                                                                                                                                                                                                                                                                             ; driver                                               ; work         ;
;    |sld_hub:auto_hub|                                                                                                                   ; 90 (1)              ; 90 (0)                    ; 0                 ; 0          ; 0    ; 0            ; |Minilab3|sld_hub:auto_hub                                                                                                                                                                                                                                                                                                                           ; sld_hub                                              ; altera_sld   ;
;       |alt_sld_fab_with_jtag_input:\instrumentation_fabric_with_node_gen:fabric_gen_new_way:with_jtag_input_gen:instrumentation_fabric| ; 89 (0)              ; 90 (0)                    ; 0                 ; 0          ; 0    ; 0            ; |Minilab3|sld_hub:auto_hub|alt_sld_fab_with_jtag_input:\instrumentation_fabric_with_node_gen:fabric_gen_new_way:with_jtag_input_gen:instrumentation_fabric                                                                                                                                                                                           ; alt_sld_fab_with_jtag_input                          ; altera_sld   ;
;          |alt_sld_fab:instrumentation_fabric|                                                                                           ; 89 (0)              ; 90 (0)                    ; 0                 ; 0          ; 0    ; 0            ; |Minilab3|sld_hub:auto_hub|alt_sld_fab_with_jtag_input:\instrumentation_fabric_with_node_gen:fabric_gen_new_way:with_jtag_input_gen:instrumentation_fabric|alt_sld_fab:instrumentation_fabric                                                                                                                                                        ; alt_sld_fab                                          ; alt_sld_fab  ;
;             |alt_sld_fab_alt_sld_fab:alt_sld_fab|                                                                                       ; 89 (1)              ; 90 (5)                    ; 0                 ; 0          ; 0    ; 0            ; |Minilab3|sld_hub:auto_hub|alt_sld_fab_with_jtag_input:\instrumentation_fabric_with_node_gen:fabric_gen_new_way:with_jtag_input_gen:instrumentation_fabric|alt_sld_fab:instrumentation_fabric|alt_sld_fab_alt_sld_fab:alt_sld_fab                                                                                                                    ; alt_sld_fab_alt_sld_fab                              ; alt_sld_fab  ;
;                |alt_sld_fab_alt_sld_fab_sldfabric:sldfabric|                                                                            ; 88 (0)              ; 85 (0)                    ; 0                 ; 0          ; 0    ; 0            ; |Minilab3|sld_hub:auto_hub|alt_sld_fab_with_jtag_input:\instrumentation_fabric_with_node_gen:fabric_gen_new_way:with_jtag_input_gen:instrumentation_fabric|alt_sld_fab:instrumentation_fabric|alt_sld_fab_alt_sld_fab:alt_sld_fab|alt_sld_fab_alt_sld_fab_sldfabric:sldfabric                                                                        ; alt_sld_fab_alt_sld_fab_sldfabric                    ; alt_sld_fab  ;
;                   |sld_jtag_hub:\jtag_hub_gen:real_sld_jtag_hub|                                                                        ; 88 (55)             ; 85 (57)                   ; 0                 ; 0          ; 0    ; 0            ; |Minilab3|sld_hub:auto_hub|alt_sld_fab_with_jtag_input:\instrumentation_fabric_with_node_gen:fabric_gen_new_way:with_jtag_input_gen:instrumentation_fabric|alt_sld_fab:instrumentation_fabric|alt_sld_fab_alt_sld_fab:alt_sld_fab|alt_sld_fab_alt_sld_fab_sldfabric:sldfabric|sld_jtag_hub:\jtag_hub_gen:real_sld_jtag_hub                           ; sld_jtag_hub                                         ; work         ;
;                      |sld_rom_sr:hub_info_reg|                                                                                          ; 15 (15)             ; 9 (9)                     ; 0                 ; 0          ; 0    ; 0            ; |Minilab3|sld_hub:auto_hub|alt_sld_fab_with_jtag_input:\instrumentation_fabric_with_node_gen:fabric_gen_new_way:with_jtag_input_gen:instrumentation_fabric|alt_sld_fab:instrumentation_fabric|alt_sld_fab_alt_sld_fab:alt_sld_fab|alt_sld_fab_alt_sld_fab_sldfabric:sldfabric|sld_jtag_hub:\jtag_hub_gen:real_sld_jtag_hub|sld_rom_sr:hub_info_reg   ; sld_rom_sr                                           ; work         ;
;                      |sld_shadow_jsm:shadow_jsm|                                                                                        ; 18 (18)             ; 19 (19)                   ; 0                 ; 0          ; 0    ; 0            ; |Minilab3|sld_hub:auto_hub|alt_sld_fab_with_jtag_input:\instrumentation_fabric_with_node_gen:fabric_gen_new_way:with_jtag_input_gen:instrumentation_fabric|alt_sld_fab:instrumentation_fabric|alt_sld_fab_alt_sld_fab:alt_sld_fab|alt_sld_fab_alt_sld_fab_sldfabric:sldfabric|sld_jtag_hub:\jtag_hub_gen:real_sld_jtag_hub|sld_shadow_jsm:shadow_jsm ; sld_shadow_jsm                                       ; altera_sld   ;
;    |sld_signaltap:auto_signaltap_0|                                                                                                     ; 199 (2)             ; 291 (4)                   ; 384               ; 0          ; 0    ; 0            ; |Minilab3|sld_signaltap:auto_signaltap_0                                                                                                                                                                                                                                                                                                             ; sld_signaltap                                        ; work         ;
;       |sld_signaltap_impl:sld_signaltap_body|                                                                                           ; 197 (0)             ; 287 (0)                   ; 384               ; 0          ; 0    ; 0            ; |Minilab3|sld_signaltap:auto_signaltap_0|sld_signaltap_impl:sld_signaltap_body                                                                                                                                                                                                                                                                       ; sld_signaltap_impl                                   ; work         ;
;          |sld_signaltap_implb:sld_signaltap_body|                                                                                       ; 197 (66)            ; 287 (82)                  ; 384               ; 0          ; 0    ; 0            ; |Minilab3|sld_signaltap:auto_signaltap_0|sld_signaltap_impl:sld_signaltap_body|sld_signaltap_implb:sld_signaltap_body                                                                                                                                                                                                                                ; sld_signaltap_implb                                  ; work         ;
;             |altdpram:\stp_non_zero_ram_gen:attribute_mem_gen:attribute_mem|                                                            ; 2 (0)               ; 46 (46)                   ; 0                 ; 0          ; 0    ; 0            ; |Minilab3|sld_signaltap:auto_signaltap_0|sld_signaltap_impl:sld_signaltap_body|sld_signaltap_implb:sld_signaltap_body|altdpram:\stp_non_zero_ram_gen:attribute_mem_gen:attribute_mem                                                                                                                                                                 ; altdpram                                             ; work         ;
;                |lpm_decode:wdecoder|                                                                                                    ; 2 (0)               ; 0 (0)                     ; 0                 ; 0          ; 0    ; 0            ; |Minilab3|sld_signaltap:auto_signaltap_0|sld_signaltap_impl:sld_signaltap_body|sld_signaltap_implb:sld_signaltap_body|altdpram:\stp_non_zero_ram_gen:attribute_mem_gen:attribute_mem|lpm_decode:wdecoder                                                                                                                                             ; lpm_decode                                           ; work         ;
;                   |decode_vnf:auto_generated|                                                                                           ; 2 (2)               ; 0 (0)                     ; 0                 ; 0          ; 0    ; 0            ; |Minilab3|sld_signaltap:auto_signaltap_0|sld_signaltap_impl:sld_signaltap_body|sld_signaltap_implb:sld_signaltap_body|altdpram:\stp_non_zero_ram_gen:attribute_mem_gen:attribute_mem|lpm_decode:wdecoder|decode_vnf:auto_generated                                                                                                                   ; decode_vnf                                           ; work         ;
;             |altsyncram:\stp_non_zero_ram_gen:stp_buffer_ram|                                                                           ; 0 (0)               ; 0 (0)                     ; 384               ; 0          ; 0    ; 0            ; |Minilab3|sld_signaltap:auto_signaltap_0|sld_signaltap_impl:sld_signaltap_body|sld_signaltap_implb:sld_signaltap_body|altsyncram:\stp_non_zero_ram_gen:stp_buffer_ram                                                                                                                                                                                ; altsyncram                                           ; work         ;
;                |altsyncram_c884:auto_generated|                                                                                         ; 0 (0)               ; 0 (0)                     ; 384               ; 0          ; 0    ; 0            ; |Minilab3|sld_signaltap:auto_signaltap_0|sld_signaltap_impl:sld_signaltap_body|sld_signaltap_implb:sld_signaltap_body|altsyncram:\stp_non_zero_ram_gen:stp_buffer_ram|altsyncram_c884:auto_generated                                                                                                                                                 ; altsyncram_c884                                      ; work         ;
;             |lpm_shiftreg:segment_offset_config_deserialize|                                                                            ; 0 (0)               ; 7 (7)                     ; 0                 ; 0          ; 0    ; 0            ; |Minilab3|sld_signaltap:auto_signaltap_0|sld_signaltap_impl:sld_signaltap_body|sld_signaltap_implb:sld_signaltap_body|lpm_shiftreg:segment_offset_config_deserialize                                                                                                                                                                                 ; lpm_shiftreg                                         ; work         ;
;             |lpm_shiftreg:status_register|                                                                                              ; 7 (7)               ; 7 (7)                     ; 0                 ; 0          ; 0    ; 0            ; |Minilab3|sld_signaltap:auto_signaltap_0|sld_signaltap_impl:sld_signaltap_body|sld_signaltap_implb:sld_signaltap_body|lpm_shiftreg:status_register                                                                                                                                                                                                   ; lpm_shiftreg                                         ; work         ;
;             |serial_crc_16:\tdo_crc_gen:tdo_crc_calc|                                                                                   ; 4 (4)               ; 13 (13)                   ; 0                 ; 0          ; 0    ; 0            ; |Minilab3|sld_signaltap:auto_signaltap_0|sld_signaltap_impl:sld_signaltap_body|sld_signaltap_implb:sld_signaltap_body|serial_crc_16:\tdo_crc_gen:tdo_crc_calc                                                                                                                                                                                        ; serial_crc_16                                        ; work         ;
;             |sld_buffer_manager:sld_buffer_manager_inst|                                                                                ; 55 (55)             ; 45 (45)                   ; 0                 ; 0          ; 0    ; 0            ; |Minilab3|sld_signaltap:auto_signaltap_0|sld_signaltap_impl:sld_signaltap_body|sld_signaltap_implb:sld_signaltap_body|sld_buffer_manager:sld_buffer_manager_inst                                                                                                                                                                                     ; sld_buffer_manager                                   ; work         ;
;             |sld_ela_control:ela_control|                                                                                               ; 10 (2)              ; 30 (4)                    ; 0                 ; 0          ; 0    ; 0            ; |Minilab3|sld_signaltap:auto_signaltap_0|sld_signaltap_impl:sld_signaltap_body|sld_signaltap_implb:sld_signaltap_body|sld_ela_control:ela_control                                                                                                                                                                                                    ; sld_ela_control                                      ; work         ;
;                |lpm_shiftreg:\storage_on_enable_bit:trigger_condition_deserialize|                                                      ; 0 (0)               ; 1 (1)                     ; 0                 ; 0          ; 0    ; 0            ; |Minilab3|sld_signaltap:auto_signaltap_0|sld_signaltap_impl:sld_signaltap_body|sld_signaltap_implb:sld_signaltap_body|sld_ela_control:ela_control|lpm_shiftreg:\storage_on_enable_bit:trigger_condition_deserialize                                                                                                                                  ; lpm_shiftreg                                         ; work         ;
;                |lpm_shiftreg:\storage_transition:transition_detector_setup_bits|                                                        ; 0 (0)               ; 2 (2)                     ; 0                 ; 0          ; 0    ; 0            ; |Minilab3|sld_signaltap:auto_signaltap_0|sld_signaltap_impl:sld_signaltap_body|sld_signaltap_implb:sld_signaltap_body|sld_ela_control:ela_control|lpm_shiftreg:\storage_transition:transition_detector_setup_bits                                                                                                                                    ; lpm_shiftreg                                         ; work         ;
;                |lpm_shiftreg:trigger_config_deserialize|                                                                                ; 0 (0)               ; 4 (4)                     ; 0                 ; 0          ; 0    ; 0            ; |Minilab3|sld_signaltap:auto_signaltap_0|sld_signaltap_impl:sld_signaltap_body|sld_signaltap_implb:sld_signaltap_body|sld_ela_control:ela_control|lpm_shiftreg:trigger_config_deserialize                                                                                                                                                            ; lpm_shiftreg                                         ; work         ;
;                |sld_ela_basic_multi_level_trigger:\basic_multi_level_mbpm_trigger_gen:multi_level_mbpm|                                 ; 0 (0)               ; 12 (0)                    ; 0                 ; 0          ; 0    ; 0            ; |Minilab3|sld_signaltap:auto_signaltap_0|sld_signaltap_impl:sld_signaltap_body|sld_signaltap_implb:sld_signaltap_body|sld_ela_control:ela_control|sld_ela_basic_multi_level_trigger:\basic_multi_level_mbpm_trigger_gen:multi_level_mbpm                                                                                                             ; sld_ela_basic_multi_level_trigger                    ; work         ;
;                   |lpm_shiftreg:trigger_condition_deserialize|                                                                          ; 0 (0)               ; 12 (12)                   ; 0                 ; 0          ; 0    ; 0            ; |Minilab3|sld_signaltap:auto_signaltap_0|sld_signaltap_impl:sld_signaltap_body|sld_signaltap_implb:sld_signaltap_body|sld_ela_control:ela_control|sld_ela_basic_multi_level_trigger:\basic_multi_level_mbpm_trigger_gen:multi_level_mbpm|lpm_shiftreg:trigger_condition_deserialize                                                                  ; lpm_shiftreg                                         ; work         ;
;                |sld_ela_trigger_flow_sel:\generated:ela_trigger_flow_mgr_entity|                                                        ; 3 (0)               ; 3 (0)                     ; 0                 ; 0          ; 0    ; 0            ; |Minilab3|sld_signaltap:auto_signaltap_0|sld_signaltap_impl:sld_signaltap_body|sld_signaltap_implb:sld_signaltap_body|sld_ela_control:ela_control|sld_ela_trigger_flow_sel:\generated:ela_trigger_flow_mgr_entity                                                                                                                                    ; sld_ela_trigger_flow_sel                             ; work         ;
;                   |sld_ela_trigger_flow_sel_8k31:auto_generated|                                                                        ; 3 (0)               ; 3 (0)                     ; 0                 ; 0          ; 0    ; 0            ; |Minilab3|sld_signaltap:auto_signaltap_0|sld_signaltap_impl:sld_signaltap_body|sld_signaltap_implb:sld_signaltap_body|sld_ela_control:ela_control|sld_ela_trigger_flow_sel:\generated:ela_trigger_flow_mgr_entity|sld_ela_trigger_flow_sel_8k31:auto_generated                                                                                       ; sld_ela_trigger_flow_sel_8k31                        ; work         ;
;                      |sld_reserved_Minilab3_auto_signaltap_0_flow_mgr_e982:mgl_prim1|                                                   ; 3 (3)               ; 3 (3)                     ; 0                 ; 0          ; 0    ; 0            ; |Minilab3|sld_signaltap:auto_signaltap_0|sld_signaltap_impl:sld_signaltap_body|sld_signaltap_implb:sld_signaltap_body|sld_ela_control:ela_control|sld_ela_trigger_flow_sel:\generated:ela_trigger_flow_mgr_entity|sld_ela_trigger_flow_sel_8k31:auto_generated|sld_reserved_Minilab3_auto_signaltap_0_flow_mgr_e982:mgl_prim1                        ; sld_reserved_Minilab3_auto_signaltap_0_flow_mgr_e982 ; work         ;
;                |sld_transition_detector:\storage_transition:transition_detector|                                                        ; 5 (1)               ; 4 (0)                     ; 0                 ; 0          ; 0    ; 0            ; |Minilab3|sld_signaltap:auto_signaltap_0|sld_signaltap_impl:sld_signaltap_body|sld_signaltap_implb:sld_signaltap_body|sld_ela_control:ela_control|sld_transition_detector:\storage_transition:transition_detector                                                                                                                                    ; sld_transition_detector                              ; work         ;
;                   |sld_transition_detect:\td:0:td|                                                                                      ; 2 (2)               ; 2 (2)                     ; 0                 ; 0          ; 0    ; 0            ; |Minilab3|sld_signaltap:auto_signaltap_0|sld_signaltap_impl:sld_signaltap_body|sld_signaltap_implb:sld_signaltap_body|sld_ela_control:ela_control|sld_transition_detector:\storage_transition:transition_detector|sld_transition_detect:\td:0:td                                                                                                     ; sld_transition_detect                                ; work         ;
;                   |sld_transition_detect:\td:1:td|                                                                                      ; 2 (2)               ; 2 (2)                     ; 0                 ; 0          ; 0    ; 0            ; |Minilab3|sld_signaltap:auto_signaltap_0|sld_signaltap_impl:sld_signaltap_body|sld_signaltap_implb:sld_signaltap_body|sld_ela_control:ela_control|sld_transition_detector:\storage_transition:transition_detector|sld_transition_detect:\td:1:td                                                                                                     ; sld_transition_detect                                ; work         ;
;             |sld_gap_detector:\stp_non_zero_ram_gen:gap_detect_on:gap_detector|                                                         ; 1 (1)               ; 2 (2)                     ; 0                 ; 0          ; 0    ; 0            ; |Minilab3|sld_signaltap:auto_signaltap_0|sld_signaltap_impl:sld_signaltap_body|sld_signaltap_implb:sld_signaltap_body|sld_gap_detector:\stp_non_zero_ram_gen:gap_detect_on:gap_detector                                                                                                                                                              ; sld_gap_detector                                     ; work         ;
;             |sld_offload_buffer_mgr:\stp_non_zero_depth_offload_gen:stp_offload_buff_mgr_inst|                                          ; 32 (8)              ; 47 (0)                    ; 0                 ; 0          ; 0    ; 0            ; |Minilab3|sld_signaltap:auto_signaltap_0|sld_signaltap_impl:sld_signaltap_body|sld_signaltap_implb:sld_signaltap_body|sld_offload_buffer_mgr:\stp_non_zero_depth_offload_gen:stp_offload_buff_mgr_inst                                                                                                                                               ; sld_offload_buffer_mgr                               ; work         ;
;                |lpm_counter:\adv_point_3_and_more:advance_pointer_counter|                                                              ; 4 (0)               ; 2 (0)                     ; 0                 ; 0          ; 0    ; 0            ; |Minilab3|sld_signaltap:auto_signaltap_0|sld_signaltap_impl:sld_signaltap_body|sld_signaltap_implb:sld_signaltap_body|sld_offload_buffer_mgr:\stp_non_zero_depth_offload_gen:stp_offload_buff_mgr_inst|lpm_counter:\adv_point_3_and_more:advance_pointer_counter                                                                                     ; lpm_counter                                          ; work         ;
;                   |cntr_b7i:auto_generated|                                                                                             ; 4 (4)               ; 2 (2)                     ; 0                 ; 0          ; 0    ; 0            ; |Minilab3|sld_signaltap:auto_signaltap_0|sld_signaltap_impl:sld_signaltap_body|sld_signaltap_implb:sld_signaltap_body|sld_offload_buffer_mgr:\stp_non_zero_depth_offload_gen:stp_offload_buff_mgr_inst|lpm_counter:\adv_point_3_and_more:advance_pointer_counter|cntr_b7i:auto_generated                                                             ; cntr_b7i                                             ; work         ;
;                |lpm_counter:read_pointer_counter|                                                                                       ; 7 (0)               ; 7 (0)                     ; 0                 ; 0          ; 0    ; 0            ; |Minilab3|sld_signaltap:auto_signaltap_0|sld_signaltap_impl:sld_signaltap_body|sld_signaltap_implb:sld_signaltap_body|sld_offload_buffer_mgr:\stp_non_zero_depth_offload_gen:stp_offload_buff_mgr_inst|lpm_counter:read_pointer_counter                                                                                                              ; lpm_counter                                          ; work         ;
;                   |cntr_4vi:auto_generated|                                                                                             ; 7 (7)               ; 7 (7)                     ; 0                 ; 0          ; 0    ; 0            ; |Minilab3|sld_signaltap:auto_signaltap_0|sld_signaltap_impl:sld_signaltap_body|sld_signaltap_implb:sld_signaltap_body|sld_offload_buffer_mgr:\stp_non_zero_depth_offload_gen:stp_offload_buff_mgr_inst|lpm_counter:read_pointer_counter|cntr_4vi:auto_generated                                                                                      ; cntr_4vi                                             ; work         ;
;                |lpm_counter:status_advance_pointer_counter|                                                                             ; 6 (0)               ; 4 (0)                     ; 0                 ; 0          ; 0    ; 0            ; |Minilab3|sld_signaltap:auto_signaltap_0|sld_signaltap_impl:sld_signaltap_body|sld_signaltap_implb:sld_signaltap_body|sld_offload_buffer_mgr:\stp_non_zero_depth_offload_gen:stp_offload_buff_mgr_inst|lpm_counter:status_advance_pointer_counter                                                                                                    ; lpm_counter                                          ; work         ;
;                   |cntr_09i:auto_generated|                                                                                             ; 6 (6)               ; 4 (4)                     ; 0                 ; 0          ; 0    ; 0            ; |Minilab3|sld_signaltap:auto_signaltap_0|sld_signaltap_impl:sld_signaltap_body|sld_signaltap_implb:sld_signaltap_body|sld_offload_buffer_mgr:\stp_non_zero_depth_offload_gen:stp_offload_buff_mgr_inst|lpm_counter:status_advance_pointer_counter|cntr_09i:auto_generated                                                                            ; cntr_09i                                             ; work         ;
;                |lpm_counter:status_read_pointer_counter|                                                                                ; 3 (0)               ; 1 (0)                     ; 0                 ; 0          ; 0    ; 0            ; |Minilab3|sld_signaltap:auto_signaltap_0|sld_signaltap_impl:sld_signaltap_body|sld_signaltap_implb:sld_signaltap_body|sld_offload_buffer_mgr:\stp_non_zero_depth_offload_gen:stp_offload_buff_mgr_inst|lpm_counter:status_read_pointer_counter                                                                                                       ; lpm_counter                                          ; work         ;
;                   |cntr_kri:auto_generated|                                                                                             ; 3 (3)               ; 1 (1)                     ; 0                 ; 0          ; 0    ; 0            ; |Minilab3|sld_signaltap:auto_signaltap_0|sld_signaltap_impl:sld_signaltap_body|sld_signaltap_implb:sld_signaltap_body|sld_offload_buffer_mgr:\stp_non_zero_depth_offload_gen:stp_offload_buff_mgr_inst|lpm_counter:status_read_pointer_counter|cntr_kri:auto_generated                                                                               ; cntr_kri                                             ; work         ;
;                |lpm_shiftreg:info_data_shift_out|                                                                                       ; 0 (0)               ; 15 (15)                   ; 0                 ; 0          ; 0    ; 0            ; |Minilab3|sld_signaltap:auto_signaltap_0|sld_signaltap_impl:sld_signaltap_body|sld_signaltap_implb:sld_signaltap_body|sld_offload_buffer_mgr:\stp_non_zero_depth_offload_gen:stp_offload_buff_mgr_inst|lpm_shiftreg:info_data_shift_out                                                                                                              ; lpm_shiftreg                                         ; work         ;
;                |lpm_shiftreg:ram_data_shift_out|                                                                                        ; 3 (3)               ; 3 (3)                     ; 0                 ; 0          ; 0    ; 0            ; |Minilab3|sld_signaltap:auto_signaltap_0|sld_signaltap_impl:sld_signaltap_body|sld_signaltap_implb:sld_signaltap_body|sld_offload_buffer_mgr:\stp_non_zero_depth_offload_gen:stp_offload_buff_mgr_inst|lpm_shiftreg:ram_data_shift_out                                                                                                               ; lpm_shiftreg                                         ; work         ;
;                |lpm_shiftreg:status_data_shift_out|                                                                                     ; 1 (1)               ; 15 (15)                   ; 0                 ; 0          ; 0    ; 0            ; |Minilab3|sld_signaltap:auto_signaltap_0|sld_signaltap_impl:sld_signaltap_body|sld_signaltap_implb:sld_signaltap_body|sld_offload_buffer_mgr:\stp_non_zero_depth_offload_gen:stp_offload_buff_mgr_inst|lpm_shiftreg:status_data_shift_out                                                                                                            ; lpm_shiftreg                                         ; work         ;
;             |sld_rom_sr:crc_rom_sr|                                                                                                     ; 20 (20)             ; 8 (8)                     ; 0                 ; 0          ; 0    ; 0            ; |Minilab3|sld_signaltap:auto_signaltap_0|sld_signaltap_impl:sld_signaltap_body|sld_signaltap_implb:sld_signaltap_body|sld_rom_sr:crc_rom_sr                                                                                                                                                                                                          ; sld_rom_sr                                           ; work         ;
;    |spart:spart0|                                                                                                                       ; 132 (15)            ; 80 (16)                   ; 0                 ; 0          ; 0    ; 0            ; |Minilab3|spart:spart0                                                                                                                                                                                                                                                                                                                               ; spart                                                ; work         ;
;       |UART_rx:U_RX|                                                                                                                    ; 76 (76)             ; 33 (33)                   ; 0                 ; 0          ; 0    ; 0            ; |Minilab3|spart:spart0|UART_rx:U_RX                                                                                                                                                                                                                                                                                                                  ; UART_rx                                              ; work         ;
;       |UART_tx:U_TX|                                                                                                                    ; 41 (41)             ; 31 (31)                   ; 0                 ; 0          ; 0    ; 0            ; |Minilab3|spart:spart0|UART_tx:U_TX                                                                                                                                                                                                                                                                                                                  ; UART_tx                                              ; work         ;
+-----------------------------------------------------------------------------------------------------------------------------------------+---------------------+---------------------------+-------------------+------------+------+--------------+------------------------------------------------------------------------------------------------------------------------------------------------------------------------------------------------------------------------------------------------------------------------------------------------------------------------------------------------------+------------------------------------------------------+--------------+
Note: For table entries with two numbers listed, the numbers in parentheses indicate the number of resources of the given type used by the specific entity alone. The numbers listed outside of parentheses indicate the total resources of the given type used by the specific entity and all of its sub-entities in the hierarchy.


+-----------------------------------------------------------------------------------------------------------------------------------------------------------------------------------------------------------------------------------------------------------------------------------------------------------+
; Analysis & Synthesis RAM Summary                                                                                                                                                                                                                                                                          ;
+-------------------------------------------------------------------------------------------------------------------------------------------------------------------------------------------------------+------+------------------+--------------+--------------+--------------+--------------+------+------+
; Name                                                                                                                                                                                                  ; Type ; Mode             ; Port A Depth ; Port A Width ; Port B Depth ; Port B Width ; Size ; MIF  ;
+-------------------------------------------------------------------------------------------------------------------------------------------------------------------------------------------------------+------+------------------+--------------+--------------+--------------+--------------+------+------+
; sld_signaltap:auto_signaltap_0|sld_signaltap_impl:sld_signaltap_body|sld_signaltap_implb:sld_signaltap_body|altsyncram:\stp_non_zero_ram_gen:stp_buffer_ram|altsyncram_c884:auto_generated|ALTSYNCRAM ; AUTO ; Simple Dual Port ; 128          ; 3            ; 128          ; 3            ; 384  ; None ;
+-------------------------------------------------------------------------------------------------------------------------------------------------------------------------------------------------------+------+------------------+--------------+--------------+--------------+--------------+------+------+


+-----------------------------------------------------------------------------------------------------------------------------------------------------------------------------------------------------------------------------------------------------------------------------------------------------------------------------------------------------------------------------------------------------------------+
; Analysis & Synthesis IP Cores Summary                                                                                                                                                                                                                                                                                                                                                                           ;
+--------+--------------+---------+--------------+--------------+-------------------------------------------------------------------------------------------------------------------------------------------------------------------------------------------------------------------------------------------------------------------------------------------------------------------------------+-----------------+
; Vendor ; IP Core Name ; Version ; Release Date ; License Type ; Entity Instance                                                                                                                                                                                                                                                                                                               ; IP Include File ;
+--------+--------------+---------+--------------+--------------+-------------------------------------------------------------------------------------------------------------------------------------------------------------------------------------------------------------------------------------------------------------------------------------------------------------------------------+-----------------+
; Altera ; Signal Tap   ; N/A     ; N/A          ; Licensed     ; |Minilab3|sld_hub:auto_hub|alt_sld_fab_with_jtag_input:\instrumentation_fabric_with_node_gen:fabric_gen_new_way:with_jtag_input_gen:instrumentation_fabric|alt_sld_fab:instrumentation_fabric                                                                                                                                 ;                 ;
; Altera ; Signal Tap   ; N/A     ; N/A          ; Licensed     ; |Minilab3|sld_hub:auto_hub|alt_sld_fab_with_jtag_input:\instrumentation_fabric_with_node_gen:fabric_gen_new_way:with_jtag_input_gen:instrumentation_fabric|alt_sld_fab:instrumentation_fabric|alt_sld_fab_alt_sld_fab:alt_sld_fab                                                                                             ;                 ;
; Altera ; Signal Tap   ; N/A     ; N/A          ; Licensed     ; |Minilab3|sld_hub:auto_hub|alt_sld_fab_with_jtag_input:\instrumentation_fabric_with_node_gen:fabric_gen_new_way:with_jtag_input_gen:instrumentation_fabric|alt_sld_fab:instrumentation_fabric|alt_sld_fab_alt_sld_fab:alt_sld_fab|alt_sld_fab_alt_sld_fab_presplit:presplit                                                   ;                 ;
; Altera ; Signal Tap   ; N/A     ; N/A          ; Licensed     ; |Minilab3|sld_hub:auto_hub|alt_sld_fab_with_jtag_input:\instrumentation_fabric_with_node_gen:fabric_gen_new_way:with_jtag_input_gen:instrumentation_fabric|alt_sld_fab:instrumentation_fabric|alt_sld_fab_alt_sld_fab:alt_sld_fab|alt_sld_fab_alt_sld_fab_sldfabric:sldfabric                                                 ;                 ;
; Altera ; Signal Tap   ; N/A     ; N/A          ; Licensed     ; |Minilab3|sld_hub:auto_hub|alt_sld_fab_with_jtag_input:\instrumentation_fabric_with_node_gen:fabric_gen_new_way:with_jtag_input_gen:instrumentation_fabric|alt_sld_fab:instrumentation_fabric|alt_sld_fab_alt_sld_fab:alt_sld_fab|alt_sld_fab_alt_sld_fab_splitter:splitter                                                   ;                 ;
; Altera ; Signal Tap   ; N/A     ; N/A          ; Licensed     ; |Minilab3|sld_signaltap:auto_signaltap_0|sld_signaltap_impl:sld_signaltap_body|sld_signaltap_implb:sld_signaltap_body|sld_ela_control:ela_control|sld_ela_trigger_flow_sel:\generated:ela_trigger_flow_mgr_entity|sld_ela_trigger_flow_sel_8k31:auto_generated|sld_reserved_Minilab3_auto_signaltap_0_flow_mgr_e982:mgl_prim1 ;                 ;
+--------+--------------+---------+--------------+--------------+-------------------------------------------------------------------------------------------------------------------------------------------------------------------------------------------------------------------------------------------------------------------------------------------------------------------------------+-----------------+


Encoding Type:  One-Hot
+--------------------------------------------------------------------------------------+
; State Machine - |Minilab3|driver:driver0|state                                       ;
+----------------+----------------+------------+----------+------------+---------------+
; Name           ; state.TX_START ; state.CFG2 ; state.TX ; state.IDLE ; state.RX_READ ;
+----------------+----------------+------------+----------+------------+---------------+
; state.IDLE     ; 0              ; 0          ; 0        ; 0          ; 0             ;
; state.TX       ; 0              ; 0          ; 1        ; 1          ; 0             ;
; state.CFG2     ; 0              ; 1          ; 0        ; 1          ; 0             ;
; state.TX_START ; 1              ; 0          ; 0        ; 1          ; 0             ;
; state.RX_READ  ; 0              ; 0          ; 0        ; 1          ; 1             ;
+----------------+----------------+------------+----------+------------+---------------+


+------------------------------------------------------------+
; Logic Cells Representing Combinational Loops               ;
+--------------------------------------------------------+---+
; Logic Cell Name                                        ;   ;
+--------------------------------------------------------+---+
; driver:driver0|always2~0                               ;   ;
; Number of logic cells representing combinational loops ; 1 ;
+--------------------------------------------------------+---+
Note: All cells listed above may not be present at the end of synthesis due to various synthesis optimizations.


+------------------------------------------------------------+
; Registers Removed During Synthesis                         ;
+---------------------------------------+--------------------+
; Register name                         ; Reason for Removal ;
+---------------------------------------+--------------------+
; driver:driver0|state~4                ; Lost fanout        ;
; driver:driver0|state~5                ; Lost fanout        ;
; Total Number of Removed Registers = 2 ;                    ;
+---------------------------------------+--------------------+


+------------------------------------------------------+
; General Register Statistics                          ;
+----------------------------------------------+-------+
; Statistic                                    ; Value ;
+----------------------------------------------+-------+
; Total registers                              ; 474   ;
; Number of registers using Synchronous Clear  ; 105   ;
; Number of registers using Synchronous Load   ; 106   ;
; Number of registers using Asynchronous Clear ; 182   ;
; Number of registers using Asynchronous Load  ; 0     ;
; Number of registers using Clock Enable       ; 311   ;
; Number of registers using Preset             ; 0     ;
+----------------------------------------------+-------+


+-------------------------------------------------------------------------------------------------------------------------------------------------------------------------------------------------------------------------------------------------------------------------------------------------------------------------------------------+
; Inverted Register Statistics                                                                                                                                                                                                                                                                                                              ;
+---------------------------------------------------------------------------------------------------------------------------------------------------------------------------------------------------------------------------------------------------------------------------------------------------------------------------------+---------+
; Inverted Register                                                                                                                                                                                                                                                                                                               ; Fan out ;
+---------------------------------------------------------------------------------------------------------------------------------------------------------------------------------------------------------------------------------------------------------------------------------------------------------------------------------+---------+
; spart:spart0|UART_tx:U_TX|tx_shft_reg[0]                                                                                                                                                                                                                                                                                        ; 3       ;
; spart:spart0|UART_rx:U_RX|RX_FF2                                                                                                                                                                                                                                                                                                ; 22      ;
; spart:spart0|UART_tx:U_TX|tx_shft_reg[1]                                                                                                                                                                                                                                                                                        ; 1       ;
; spart:spart0|UART_rx:U_RX|RX_FF1                                                                                                                                                                                                                                                                                                ; 1       ;
; spart:spart0|UART_tx:U_TX|tx_shft_reg[2]                                                                                                                                                                                                                                                                                        ; 1       ;
; spart:spart0|UART_tx:U_TX|tx_shft_reg[3]                                                                                                                                                                                                                                                                                        ; 1       ;
; spart:spart0|UART_tx:U_TX|tx_shft_reg[4]                                                                                                                                                                                                                                                                                        ; 1       ;
; spart:spart0|UART_tx:U_TX|tx_shft_reg[5]                                                                                                                                                                                                                                                                                        ; 1       ;
; spart:spart0|UART_tx:U_TX|tx_shft_reg[6]                                                                                                                                                                                                                                                                                        ; 1       ;
; spart:spart0|UART_tx:U_TX|tx_shft_reg[7]                                                                                                                                                                                                                                                                                        ; 1       ;
; spart:spart0|UART_tx:U_TX|tx_shft_reg[8]                                                                                                                                                                                                                                                                                        ; 1       ;
; sld_hub:auto_hub|alt_sld_fab_with_jtag_input:\instrumentation_fabric_with_node_gen:fabric_gen_new_way:with_jtag_input_gen:instrumentation_fabric|alt_sld_fab:instrumentation_fabric|alt_sld_fab_alt_sld_fab:alt_sld_fab|alt_sld_fab_alt_sld_fab_sldfabric:sldfabric|sld_jtag_hub:\jtag_hub_gen:real_sld_jtag_hub|jtag_ir_reg[1] ; 3       ;
; sld_hub:auto_hub|alt_sld_fab_with_jtag_input:\instrumentation_fabric_with_node_gen:fabric_gen_new_way:with_jtag_input_gen:instrumentation_fabric|alt_sld_fab:instrumentation_fabric|alt_sld_fab_alt_sld_fab:alt_sld_fab|alt_sld_fab_alt_sld_fab_sldfabric:sldfabric|sld_jtag_hub:\jtag_hub_gen:real_sld_jtag_hub|jtag_ir_reg[2] ; 3       ;
; sld_signaltap:auto_signaltap_0|sld_signaltap_impl:sld_signaltap_body|sld_signaltap_implb:sld_signaltap_body|sld_buffer_manager:sld_buffer_manager_inst|modified_post_count[6]                                                                                                                                                   ; 1       ;
; sld_signaltap:auto_signaltap_0|sld_signaltap_impl:sld_signaltap_body|sld_signaltap_implb:sld_signaltap_body|sld_buffer_manager:sld_buffer_manager_inst|modified_post_count[7]                                                                                                                                                   ; 1       ;
; sld_signaltap:auto_signaltap_0|sld_signaltap_impl:sld_signaltap_body|sld_signaltap_implb:sld_signaltap_body|sld_buffer_manager:sld_buffer_manager_inst|modified_post_count[0]                                                                                                                                                   ; 1       ;
; sld_signaltap:auto_signaltap_0|sld_signaltap_impl:sld_signaltap_body|sld_signaltap_implb:sld_signaltap_body|sld_buffer_manager:sld_buffer_manager_inst|modified_post_count[1]                                                                                                                                                   ; 1       ;
; sld_signaltap:auto_signaltap_0|sld_signaltap_impl:sld_signaltap_body|sld_signaltap_implb:sld_signaltap_body|sld_buffer_manager:sld_buffer_manager_inst|modified_post_count[2]                                                                                                                                                   ; 1       ;
; sld_signaltap:auto_signaltap_0|sld_signaltap_impl:sld_signaltap_body|sld_signaltap_implb:sld_signaltap_body|sld_buffer_manager:sld_buffer_manager_inst|modified_post_count[3]                                                                                                                                                   ; 1       ;
; sld_signaltap:auto_signaltap_0|sld_signaltap_impl:sld_signaltap_body|sld_signaltap_implb:sld_signaltap_body|sld_buffer_manager:sld_buffer_manager_inst|modified_post_count[4]                                                                                                                                                   ; 1       ;
; sld_signaltap:auto_signaltap_0|sld_signaltap_impl:sld_signaltap_body|sld_signaltap_implb:sld_signaltap_body|sld_buffer_manager:sld_buffer_manager_inst|modified_post_count[5]                                                                                                                                                   ; 1       ;
; Total number of inverted registers = 21                                                                                                                                                                                                                                                                                         ;         ;
+---------------------------------------------------------------------------------------------------------------------------------------------------------------------------------------------------------------------------------------------------------------------------------------------------------------------------------+---------+


+------------------------------------------------------------------------------------------------------------------------------------------------------------------+
; Multiplexer Restructuring Statistics (Restructuring Performed)                                                                                                   ;
+--------------------+-----------+---------------+----------------------+------------------------+------------+----------------------------------------------------+
; Multiplexer Inputs ; Bus Width ; Baseline Area ; Area if Restructured ; Saving if Restructured ; Registered ; Example Multiplexer Output                         ;
+--------------------+-----------+---------------+----------------------+------------------------+------------+----------------------------------------------------+
; 3:1                ; 4 bits    ; 8 LEs         ; 4 LEs                ; 4 LEs                  ; Yes        ; |Minilab3|spart:spart0|UART_tx:U_TX|bit_cnt[1]     ;
; 3:1                ; 4 bits    ; 8 LEs         ; 4 LEs                ; 4 LEs                  ; Yes        ; |Minilab3|spart:spart0|UART_rx:U_RX|bit_cnt[0]     ;
; 4:1                ; 15 bits   ; 30 LEs        ; 30 LEs               ; 0 LEs                  ; Yes        ; |Minilab3|spart:spart0|UART_rx:U_RX|baud_cnt[3]    ;
; 4:1                ; 7 bits    ; 14 LEs        ; 14 LEs               ; 0 LEs                  ; Yes        ; |Minilab3|spart:spart0|UART_tx:U_TX|tx_shft_reg[4] ;
; 3:1                ; 5 bits    ; 10 LEs        ; 10 LEs               ; 0 LEs                  ; No         ; |Minilab3|spart:spart0|databus_out[6]              ;
; 4:1                ; 5 bits    ; 10 LEs        ; 10 LEs               ; 0 LEs                  ; No         ; |Minilab3|driver:driver0|databus_out[5]            ;
+--------------------+-----------+---------------+----------------------+------------------------+------------+----------------------------------------------------+


+-------------------------------------------------------+
; Source assignments for sld_signaltap:auto_signaltap_0 ;
+-----------------+-------+------+----------------------+
; Assignment      ; Value ; From ; To                   ;
+-----------------+-------+------+----------------------+
; MESSAGE_DISABLE ; 13410 ; -    ; -                    ;
+-----------------+-------+------+----------------------+


+-------------------------------------------------------------------------------------------------------------------------+
; Parameter Settings for Inferred Entity Instance: sld_signaltap:auto_signaltap_0                                         ;
+-------------------------------------------------+------------------------------------------------------+----------------+
; Parameter Name                                  ; Value                                                ; Type           ;
+-------------------------------------------------+------------------------------------------------------+----------------+
; lpm_type                                        ; sld_signaltap                                        ; String         ;
; sld_node_info                                   ; 805334528                                            ; Untyped        ;
; SLD_SECTION_ID                                  ; hdl_signaltap_0                                      ; String         ;
; SLD_IP_VERSION                                  ; 6                                                    ; Signed Integer ;
; SLD_IP_MINOR_VERSION                            ; 0                                                    ; Signed Integer ;
; SLD_COMMON_IP_VERSION                           ; 0                                                    ; Signed Integer ;
; sld_data_bits                                   ; 2                                                    ; Untyped        ;
; sld_trigger_bits                                ; 2                                                    ; Untyped        ;
; SLD_NODE_CRC_BITS                               ; 32                                                   ; Signed Integer ;
; SLD_NODE_CRC_HIWORD                             ; 41394                                                ; Signed Integer ;
; SLD_NODE_CRC_LOWORD                             ; 50132                                                ; Signed Integer ;
; sld_incremental_routing                         ; 1                                                    ; Untyped        ;
; sld_sample_depth                                ; 128                                                  ; Untyped        ;
; sld_segment_size                                ; 128                                                  ; Untyped        ;
; sld_ram_block_type                              ; AUTO                                                 ; Untyped        ;
; sld_state_bits                                  ; 2                                                    ; Untyped        ;
; sld_buffer_full_stop                            ; 0                                                    ; Untyped        ;
; SLD_MEM_ADDRESS_BITS                            ; 7                                                    ; Signed Integer ;
; SLD_DATA_BIT_CNTR_BITS                          ; 4                                                    ; Signed Integer ;
; sld_trigger_level                               ; 2                                                    ; Untyped        ;
; sld_trigger_in_enabled                          ; 0                                                    ; Untyped        ;
; SLD_HPS_TRIGGER_IN_ENABLED                      ; 0                                                    ; Signed Integer ;
; SLD_HPS_TRIGGER_OUT_ENABLED                     ; 0                                                    ; Signed Integer ;
; SLD_HPS_EVENT_ENABLED                           ; 0                                                    ; Signed Integer ;
; SLD_HPS_EVENT_ID                                ; 0                                                    ; Signed Integer ;
; sld_advanced_trigger_entity                     ; basic,1,basic,1,                                     ; Untyped        ;
; sld_trigger_level_pipeline                      ; 1                                                    ; Untyped        ;
; sld_trigger_pipeline                            ; 0                                                    ; Untyped        ;
; sld_ram_pipeline                                ; 0                                                    ; Untyped        ;
; sld_counter_pipeline                            ; 0                                                    ; Untyped        ;
; sld_enable_advanced_trigger                     ; 0                                                    ; Untyped        ;
; SLD_ADVANCED_TRIGGER_1                          ; NONE                                                 ; String         ;
; SLD_ADVANCED_TRIGGER_2                          ; NONE                                                 ; String         ;
; SLD_ADVANCED_TRIGGER_3                          ; NONE                                                 ; String         ;
; SLD_ADVANCED_TRIGGER_4                          ; NONE                                                 ; String         ;
; SLD_ADVANCED_TRIGGER_5                          ; NONE                                                 ; String         ;
; SLD_ADVANCED_TRIGGER_6                          ; NONE                                                 ; String         ;
; SLD_ADVANCED_TRIGGER_7                          ; NONE                                                 ; String         ;
; SLD_ADVANCED_TRIGGER_8                          ; NONE                                                 ; String         ;
; SLD_ADVANCED_TRIGGER_9                          ; NONE                                                 ; String         ;
; SLD_ADVANCED_TRIGGER_10                         ; NONE                                                 ; String         ;
; sld_inversion_mask_length                       ; 26                                                   ; Untyped        ;
; sld_inversion_mask                              ; 00000000000000000000000000                           ; Untyped        ;
; sld_power_up_trigger                            ; 0                                                    ; Untyped        ;
; sld_state_flow_mgr_entity                       ; sld_reserved_Minilab3_auto_signaltap_0_flow_mgr_e982 ; Untyped        ;
; sld_state_flow_use_generated                    ; 1                                                    ; Untyped        ;
; sld_current_resource_width                      ; 0                                                    ; Untyped        ;
; sld_attribute_mem_mode                          ; OFF                                                  ; Untyped        ;
; sld_storage_qualifier_bits                      ; 2                                                    ; Untyped        ;
; sld_storage_qualifier_gap_record                ; 1                                                    ; Untyped        ;
; sld_storage_qualifier_mode                      ; TRANSITIONAL                                         ; Untyped        ;
; SLD_STORAGE_QUALIFIER_ENABLE_ADVANCED_CONDITION ; 0                                                    ; Signed Integer ;
; sld_storage_qualifier_inversion_mask_length     ; 3                                                    ; Untyped        ;
; SLD_STORAGE_QUALIFIER_ADVANCED_CONDITION_ENTITY ; basic                                                ; String         ;
; SLD_STORAGE_QUALIFIER_PIPELINE                  ; 0                                                    ; Signed Integer ;
; SLD_CREATE_MONITOR_INTERFACE                    ; 0                                                    ; Signed Integer ;
; SLD_USE_JTAG_SIGNAL_ADAPTER                     ; 1                                                    ; Signed Integer ;
+-------------------------------------------------+------------------------------------------------------+----------------+
Note: In order to hide this table in the UI and the text report file, please set the "Show Parameter Settings in Synthesis Report" option in "Analysis and Synthesis Settings -> More Settings" to "Off".


+---------------------------------------------------------------------------------------------------------------------------------------------------------------------------------------------------------------------+
; Port Connectivity Checks: "spart:spart0|UART_rx:U_RX"                                                                                                                                                               ;
+-------------+-------+----------+------------------------------------------------------------------------------------------------------------------------------------------------------------------------------------+
; Port        ; Type  ; Severity ; Details                                                                                                                                                                            ;
+-------------+-------+----------+------------------------------------------------------------------------------------------------------------------------------------------------------------------------------------+
; clr_rdy     ; Input ; Warning  ; Input port expression (32 bits) is wider than the input port (1 bits) it drives.  The 31 most-significant bit(s) in the expression will be dangling if they have no other fanouts. ;
; clr_rdy[-1] ; Input ; Info     ; Stuck at GND                                                                                                                                                                       ;
+-------------+-------+----------+------------------------------------------------------------------------------------------------------------------------------------------------------------------------------------+


+-------------------------------------------------------------------------------------------------------------------+
; Port Connectivity Checks: "spart:spart0|UART_tx:U_TX"                                                             ;
+---------+--------+----------+-------------------------------------------------------------------------------------+
; Port    ; Type   ; Severity ; Details                                                                             ;
+---------+--------+----------+-------------------------------------------------------------------------------------+
; tx_done ; Output ; Info     ; Connected to dangling logic. Logic that only feeds a dangling port will be removed. ;
+---------+--------+----------+-------------------------------------------------------------------------------------+


+-------------------------------------------------------------------------------------------------------------------------------------------------------------------------------------------------------------------------------------------------------------------------+
; Signal Tap Logic Analyzer Settings                                                                                                                                                                                                                                      ;
+----------------+------------------+---------------------+------------------+--------------+----------+------------------------+----------------------+--------------------+-----------------------------+-----------------+------------------+--------------------------+
; Instance Index ; Instance Name    ; Trigger Input Width ; Data Input Width ; Sample Depth ; Segments ; Storage Qualifier Type ; Trigger Flow Control ; Trigger Conditions ; Advanced Trigger Conditions ; Trigger In Used ; Trigger Out Used ; Power-Up Trigger Enabled ;
+----------------+------------------+---------------------+------------------+--------------+----------+------------------------+----------------------+--------------------+-----------------------------+-----------------+------------------+--------------------------+
; 0              ; auto_signaltap_0 ; 2                   ; 2                ; 128          ; 1        ; continuous             ; state-based          ; 2                  ; 0                           ; no              ; no               ; no                       ;
+----------------+------------------+---------------------+------------------+--------------+----------+------------------------+----------------------+--------------------+-----------------------------+-----------------+------------------+--------------------------+


+-----------------------------------------------------+
; Post-Synthesis Netlist Statistics for Top Partition ;
+-----------------------+-----------------------------+
; Type                  ; Count                       ;
+-----------------------+-----------------------------+
; arriav_ff             ; 93                          ;
;     CLR               ; 10                          ;
;     ENA               ; 17                          ;
;     ENA CLR           ; 33                          ;
;     SCLR              ; 17                          ;
;     plain             ; 16                          ;
; arriav_io_obuf        ; 36                          ;
; arriav_lcell_comb     ; 158                         ;
;     arith             ; 33                          ;
;         1 data inputs ; 32                          ;
;         2 data inputs ; 1                           ;
;     extend            ; 2                           ;
;         7 data inputs ; 2                           ;
;     normal            ; 123                         ;
;         0 data inputs ; 2                           ;
;         1 data inputs ; 8                           ;
;         2 data inputs ; 10                          ;
;         3 data inputs ; 21                          ;
;         4 data inputs ; 19                          ;
;         5 data inputs ; 30                          ;
;         6 data inputs ; 33                          ;
; boundary_port         ; 108                         ;
;                       ;                             ;
; Max LUT depth         ; 3.50                        ;
; Average LUT depth     ; 2.06                        ;
+-----------------------+-----------------------------+


+-------------------------------+
; Elapsed Time Per Partition    ;
+----------------+--------------+
; Partition Name ; Elapsed Time ;
+----------------+--------------+
; Top            ; 00:00:00     ;
+----------------+--------------+


+----------------------------------------------------------------------------------------------------------------------------------------------------------------------+
; Connections to In-System Debugging Instance "auto_signaltap_0"                                                                                                       ;
+----------------------+---------------+-----------+--------------------------------+-------------------+----------------------------------------------------+---------+
; Name                 ; Type          ; Status    ; Partition Name                 ; Netlist Type Used ; Actual Connection                                  ; Details ;
+----------------------+---------------+-----------+--------------------------------+-------------------+----------------------------------------------------+---------+
; CLOCK_50             ; pre-synthesis ; connected ; Top                            ; post-synthesis    ; CLOCK_50                                           ; N/A     ;
; spart:spart0|rxd     ; pre-synthesis ; connected ; Top                            ; post-synthesis    ; GPIO[5]                                            ; N/A     ;
; spart:spart0|rxd     ; pre-synthesis ; connected ; Top                            ; post-synthesis    ; GPIO[5]                                            ; N/A     ;
; spart:spart0|rxd     ; pre-synthesis ; connected ; Top                            ; post-synthesis    ; GPIO[5]                                            ; N/A     ;
; spart:spart0|txd     ; pre-synthesis ; connected ; Top                            ; post-synthesis    ; spart:spart0|UART_tx:U_TX|tx_shft_reg[0]~_wirecell ; N/A     ;
; spart:spart0|txd     ; pre-synthesis ; connected ; Top                            ; post-synthesis    ; spart:spart0|UART_tx:U_TX|tx_shft_reg[0]~_wirecell ; N/A     ;
; spart:spart0|txd     ; pre-synthesis ; connected ; Top                            ; post-synthesis    ; spart:spart0|UART_tx:U_TX|tx_shft_reg[0]~_wirecell ; N/A     ;
; auto_signaltap_0|gnd ; post-fitting  ; connected ; sld_signaltap:auto_signaltap_0 ; post-synthesis    ; sld_signaltap:auto_signaltap_0|~GND                ; N/A     ;
; auto_signaltap_0|gnd ; post-fitting  ; connected ; sld_signaltap:auto_signaltap_0 ; post-synthesis    ; sld_signaltap:auto_signaltap_0|~GND                ; N/A     ;
; auto_signaltap_0|gnd ; post-fitting  ; connected ; sld_signaltap:auto_signaltap_0 ; post-synthesis    ; sld_signaltap:auto_signaltap_0|~GND                ; N/A     ;
; auto_signaltap_0|gnd ; post-fitting  ; connected ; sld_signaltap:auto_signaltap_0 ; post-synthesis    ; sld_signaltap:auto_signaltap_0|~GND                ; N/A     ;
; auto_signaltap_0|gnd ; post-fitting  ; connected ; sld_signaltap:auto_signaltap_0 ; post-synthesis    ; sld_signaltap:auto_signaltap_0|~GND                ; N/A     ;
; auto_signaltap_0|gnd ; post-fitting  ; connected ; sld_signaltap:auto_signaltap_0 ; post-synthesis    ; sld_signaltap:auto_signaltap_0|~GND                ; N/A     ;
; auto_signaltap_0|gnd ; post-fitting  ; connected ; sld_signaltap:auto_signaltap_0 ; post-synthesis    ; sld_signaltap:auto_signaltap_0|~GND                ; N/A     ;
; auto_signaltap_0|gnd ; post-fitting  ; connected ; sld_signaltap:auto_signaltap_0 ; post-synthesis    ; sld_signaltap:auto_signaltap_0|~GND                ; N/A     ;
; auto_signaltap_0|gnd ; post-fitting  ; connected ; sld_signaltap:auto_signaltap_0 ; post-synthesis    ; sld_signaltap:auto_signaltap_0|~GND                ; N/A     ;
; auto_signaltap_0|gnd ; post-fitting  ; connected ; sld_signaltap:auto_signaltap_0 ; post-synthesis    ; sld_signaltap:auto_signaltap_0|~GND                ; N/A     ;
; auto_signaltap_0|gnd ; post-fitting  ; connected ; sld_signaltap:auto_signaltap_0 ; post-synthesis    ; sld_signaltap:auto_signaltap_0|~GND                ; N/A     ;
; auto_signaltap_0|gnd ; post-fitting  ; connected ; sld_signaltap:auto_signaltap_0 ; post-synthesis    ; sld_signaltap:auto_signaltap_0|~GND                ; N/A     ;
; auto_signaltap_0|gnd ; post-fitting  ; connected ; sld_signaltap:auto_signaltap_0 ; post-synthesis    ; sld_signaltap:auto_signaltap_0|~GND                ; N/A     ;
; auto_signaltap_0|gnd ; post-fitting  ; connected ; sld_signaltap:auto_signaltap_0 ; post-synthesis    ; sld_signaltap:auto_signaltap_0|~GND                ; N/A     ;
; auto_signaltap_0|gnd ; post-fitting  ; connected ; sld_signaltap:auto_signaltap_0 ; post-synthesis    ; sld_signaltap:auto_signaltap_0|~GND                ; N/A     ;
; auto_signaltap_0|gnd ; post-fitting  ; connected ; sld_signaltap:auto_signaltap_0 ; post-synthesis    ; sld_signaltap:auto_signaltap_0|~GND                ; N/A     ;
; auto_signaltap_0|gnd ; post-fitting  ; connected ; sld_signaltap:auto_signaltap_0 ; post-synthesis    ; sld_signaltap:auto_signaltap_0|~GND                ; N/A     ;
; auto_signaltap_0|gnd ; post-fitting  ; connected ; sld_signaltap:auto_signaltap_0 ; post-synthesis    ; sld_signaltap:auto_signaltap_0|~GND                ; N/A     ;
; auto_signaltap_0|vcc ; post-fitting  ; connected ; sld_signaltap:auto_signaltap_0 ; post-synthesis    ; sld_signaltap:auto_signaltap_0|~VCC                ; N/A     ;
; auto_signaltap_0|vcc ; post-fitting  ; connected ; sld_signaltap:auto_signaltap_0 ; post-synthesis    ; sld_signaltap:auto_signaltap_0|~VCC                ; N/A     ;
; auto_signaltap_0|vcc ; post-fitting  ; connected ; sld_signaltap:auto_signaltap_0 ; post-synthesis    ; sld_signaltap:auto_signaltap_0|~VCC                ; N/A     ;
; auto_signaltap_0|vcc ; post-fitting  ; connected ; sld_signaltap:auto_signaltap_0 ; post-synthesis    ; sld_signaltap:auto_signaltap_0|~VCC                ; N/A     ;
; auto_signaltap_0|vcc ; post-fitting  ; connected ; sld_signaltap:auto_signaltap_0 ; post-synthesis    ; sld_signaltap:auto_signaltap_0|~VCC                ; N/A     ;
; auto_signaltap_0|vcc ; post-fitting  ; connected ; sld_signaltap:auto_signaltap_0 ; post-synthesis    ; sld_signaltap:auto_signaltap_0|~VCC                ; N/A     ;
; auto_signaltap_0|vcc ; post-fitting  ; connected ; sld_signaltap:auto_signaltap_0 ; post-synthesis    ; sld_signaltap:auto_signaltap_0|~VCC                ; N/A     ;
; auto_signaltap_0|vcc ; post-fitting  ; connected ; sld_signaltap:auto_signaltap_0 ; post-synthesis    ; sld_signaltap:auto_signaltap_0|~VCC                ; N/A     ;
; auto_signaltap_0|vcc ; post-fitting  ; connected ; sld_signaltap:auto_signaltap_0 ; post-synthesis    ; sld_signaltap:auto_signaltap_0|~VCC                ; N/A     ;
; auto_signaltap_0|vcc ; post-fitting  ; connected ; sld_signaltap:auto_signaltap_0 ; post-synthesis    ; sld_signaltap:auto_signaltap_0|~VCC                ; N/A     ;
; auto_signaltap_0|vcc ; post-fitting  ; connected ; sld_signaltap:auto_signaltap_0 ; post-synthesis    ; sld_signaltap:auto_signaltap_0|~VCC                ; N/A     ;
; auto_signaltap_0|vcc ; post-fitting  ; connected ; sld_signaltap:auto_signaltap_0 ; post-synthesis    ; sld_signaltap:auto_signaltap_0|~VCC                ; N/A     ;
; auto_signaltap_0|vcc ; post-fitting  ; connected ; sld_signaltap:auto_signaltap_0 ; post-synthesis    ; sld_signaltap:auto_signaltap_0|~VCC                ; N/A     ;
; auto_signaltap_0|vcc ; post-fitting  ; connected ; sld_signaltap:auto_signaltap_0 ; post-synthesis    ; sld_signaltap:auto_signaltap_0|~VCC                ; N/A     ;
+----------------------+---------------+-----------+--------------------------------+-------------------+----------------------------------------------------+---------+


+-------------------------------+
; Analysis & Synthesis Messages ;
+-------------------------------+
Info: *******************************************************************
Info: Running Quartus Prime Analysis & Synthesis
    Info: Version 23.1std.0 Build 991 11/28/2023 SC Lite Edition
    Info: Processing started: Fri Feb 14 19:29:01 2025
Info: Command: quartus_map --read_settings_files=on --write_settings_files=off Minilab3 -c Minilab3
Warning (18236): Number of processors has not been specified which may cause overloading on shared machines.  Set the global assignment NUM_PARALLEL_PROCESSORS in your QSF to an appropriate value for best performance.
Info (20030): Parallel compilation is enabled and will use 14 of the 14 processors detected
Info (12021): Found 1 design units, including 1 entities, in source file /ece554/minilab3/uart_tx.sv
    Info (12023): Found entity 1: UART_tx File: I:/ECE554/minilab3/UART_tx.sv Line: 2
Info (12021): Found 1 design units, including 1 entities, in source file /ece554/minilab3/uart_rx.sv
    Info (12023): Found entity 1: UART_rx File: I:/ECE554/minilab3/UART_rx.sv Line: 2
Info (12021): Found 1 design units, including 1 entities, in source file /ece554/minilab3/spart.sv
    Info (12023): Found entity 1: spart File: I:/ECE554/minilab3/spart.sv Line: 20
Info (12021): Found 1 design units, including 1 entities, in source file /ece554/minilab3/driver.sv
    Info (12023): Found entity 1: driver File: I:/ECE554/minilab3/driver.sv Line: 20
Warning (12125): Using design file minilab3.v, which is not specified as a design file for the current project, but contains definitions for 1 design units and 1 entities in project
    Info (12023): Found entity 1: Minilab3 File: I:/ECE554/minilab3/minilab3_proj/minilab3.v Line: 6
Info (12127): Elaborating entity "Minilab3" for the top level hierarchy
Info (12128): Elaborating entity "spart" for hierarchy "spart:spart0" File: I:/ECE554/minilab3/minilab3_proj/minilab3.v Line: 71
Warning (10230): Verilog HDL assignment warning at spart.sv(45): truncated value with size 32 to match size of target (1) File: I:/ECE554/minilab3/spart.sv Line: 45
Warning (10230): Verilog HDL assignment warning at spart.sv(47): truncated value with size 32 to match size of target (8) File: I:/ECE554/minilab3/spart.sv Line: 47
Info (12128): Elaborating entity "UART_tx" for hierarchy "spart:spart0|UART_tx:U_TX" File: I:/ECE554/minilab3/spart.sv Line: 58
Warning (10230): Verilog HDL assignment warning at UART_tx.sv(37): truncated value with size 32 to match size of target (17) File: I:/ECE554/minilab3/UART_tx.sv Line: 37
Warning (10230): Verilog HDL assignment warning at UART_tx.sv(46): truncated value with size 32 to match size of target (4) File: I:/ECE554/minilab3/UART_tx.sv Line: 46
Info (12128): Elaborating entity "UART_rx" for hierarchy "spart:spart0|UART_rx:U_RX" File: I:/ECE554/minilab3/spart.sv Line: 67
Warning (10230): Verilog HDL assignment warning at UART_rx.sv(50): truncated value with size 32 to match size of target (16) File: I:/ECE554/minilab3/UART_rx.sv Line: 50
Warning (10230): Verilog HDL assignment warning at UART_rx.sv(60): truncated value with size 32 to match size of target (4) File: I:/ECE554/minilab3/UART_rx.sv Line: 60
Info (12128): Elaborating entity "driver" for hierarchy "driver:driver0" File: I:/ECE554/minilab3/minilab3_proj/minilab3.v Line: 83
Warning (10230): Verilog HDL assignment warning at driver.sv(41): truncated value with size 32 to match size of target (8) File: I:/ECE554/minilab3/driver.sv Line: 41
Info (12021): Found 1 design units, including 1 entities, in source file db/sld_ela_trigger_flow_sel_8k31.tdf
    Info (12023): Found entity 1: sld_ela_trigger_flow_sel_8k31 File: I:/ECE554/minilab3/minilab3_proj/db/sld_ela_trigger_flow_sel_8k31.tdf Line: 25
Info (12021): Found 1 design units, including 1 entities, in source file db/sld_reserved_minilab3_auto_signaltap_0_flow_mgr_e982.v
    Info (12023): Found entity 1: sld_reserved_Minilab3_auto_signaltap_0_flow_mgr_e982 File: I:/ECE554/minilab3/minilab3_proj/db/sld_reserved_minilab3_auto_signaltap_0_flow_mgr_e982.v Line: 29
Info (12021): Found 1 design units, including 1 entities, in source file db/altsyncram_c884.tdf
    Info (12023): Found entity 1: altsyncram_c884 File: I:/ECE554/minilab3/minilab3_proj/db/altsyncram_c884.tdf Line: 28
Info (12021): Found 1 design units, including 1 entities, in source file db/mux_elc.tdf
    Info (12023): Found entity 1: mux_elc File: I:/ECE554/minilab3/minilab3_proj/db/mux_elc.tdf Line: 23
Info (12021): Found 1 design units, including 1 entities, in source file db/decode_vnf.tdf
    Info (12023): Found entity 1: decode_vnf File: I:/ECE554/minilab3/minilab3_proj/db/decode_vnf.tdf Line: 23
Info (12021): Found 1 design units, including 1 entities, in source file db/cntr_b7i.tdf
    Info (12023): Found entity 1: cntr_b7i File: I:/ECE554/minilab3/minilab3_proj/db/cntr_b7i.tdf Line: 28
Info (12021): Found 1 design units, including 1 entities, in source file db/cmpr_a9c.tdf
    Info (12023): Found entity 1: cmpr_a9c File: I:/ECE554/minilab3/minilab3_proj/db/cmpr_a9c.tdf Line: 23
Info (12021): Found 1 design units, including 1 entities, in source file db/cntr_4vi.tdf
    Info (12023): Found entity 1: cntr_4vi File: I:/ECE554/minilab3/minilab3_proj/db/cntr_4vi.tdf Line: 26
Info (12021): Found 1 design units, including 1 entities, in source file db/cntr_09i.tdf
    Info (12023): Found entity 1: cntr_09i File: I:/ECE554/minilab3/minilab3_proj/db/cntr_09i.tdf Line: 28
Info (12021): Found 1 design units, including 1 entities, in source file db/cmpr_c9c.tdf
    Info (12023): Found entity 1: cmpr_c9c File: I:/ECE554/minilab3/minilab3_proj/db/cmpr_c9c.tdf Line: 23
Info (12021): Found 1 design units, including 1 entities, in source file db/cntr_kri.tdf
    Info (12023): Found entity 1: cntr_kri File: I:/ECE554/minilab3/minilab3_proj/db/cntr_kri.tdf Line: 28
Info (12021): Found 1 design units, including 1 entities, in source file db/cmpr_99c.tdf
    Info (12023): Found entity 1: cmpr_99c File: I:/ECE554/minilab3/minilab3_proj/db/cmpr_99c.tdf Line: 23
Info (12033): Analysis and Synthesis generated Signal Tap or debug node instance "auto_signaltap_0"
Info (11170): Starting IP generation for the debug fabric: alt_sld_fab.
Info (11172): 2025.02.14.19:29:22 Progress: Loading sld93d01841/alt_sld_fab_wrapper_hw.tcl
Info (11172): Alt_sld_fab.alt_sld_fab: SLD fabric agents which did not specify prefer_host were connected to JTAG
Info (11172): Alt_sld_fab: Generating alt_sld_fab "alt_sld_fab" for QUARTUS_SYNTH
Info (11172): Alt_sld_fab: "alt_sld_fab" instantiated alt_sld_fab "alt_sld_fab"
Info (11172): Presplit: "alt_sld_fab" instantiated altera_super_splitter "presplit"
Info (11172): Splitter: "alt_sld_fab" instantiated altera_sld_splitter "splitter"
Info (11172): Sldfabric: "alt_sld_fab" instantiated altera_sld_jtag_hub "sldfabric"
Info (11172): Ident: "alt_sld_fab" instantiated altera_connection_identification_hub "ident"
Info (11172): Alt_sld_fab: Done "alt_sld_fab" with 6 modules, 6 files
Info (11171): Finished IP generation for the debug fabric: alt_sld_fab.
Info (12021): Found 1 design units, including 1 entities, in source file db/ip/sld93d01841/alt_sld_fab.v
    Info (12023): Found entity 1: alt_sld_fab File: I:/ECE554/minilab3/minilab3_proj/db/ip/sld93d01841/alt_sld_fab.v Line: 9
Info (12021): Found 1 design units, including 1 entities, in source file db/ip/sld93d01841/submodules/alt_sld_fab_alt_sld_fab.v
    Info (12023): Found entity 1: alt_sld_fab_alt_sld_fab File: I:/ECE554/minilab3/minilab3_proj/db/ip/sld93d01841/submodules/alt_sld_fab_alt_sld_fab.v Line: 9
Info (12021): Found 1 design units, including 1 entities, in source file db/ip/sld93d01841/submodules/alt_sld_fab_alt_sld_fab_ident.sv
    Info (12023): Found entity 1: alt_sld_fab_alt_sld_fab_ident File: I:/ECE554/minilab3/minilab3_proj/db/ip/sld93d01841/submodules/alt_sld_fab_alt_sld_fab_ident.sv Line: 33
Info (12021): Found 1 design units, including 1 entities, in source file db/ip/sld93d01841/submodules/alt_sld_fab_alt_sld_fab_presplit.sv
    Info (12023): Found entity 1: alt_sld_fab_alt_sld_fab_presplit File: I:/ECE554/minilab3/minilab3_proj/db/ip/sld93d01841/submodules/alt_sld_fab_alt_sld_fab_presplit.sv Line: 3
Info (12021): Found 2 design units, including 1 entities, in source file db/ip/sld93d01841/submodules/alt_sld_fab_alt_sld_fab_sldfabric.vhd
    Info (12022): Found design unit 1: alt_sld_fab_alt_sld_fab_sldfabric-rtl File: I:/ECE554/minilab3/minilab3_proj/db/ip/sld93d01841/submodules/alt_sld_fab_alt_sld_fab_sldfabric.vhd Line: 102
    Info (12023): Found entity 1: alt_sld_fab_alt_sld_fab_sldfabric File: I:/ECE554/minilab3/minilab3_proj/db/ip/sld93d01841/submodules/alt_sld_fab_alt_sld_fab_sldfabric.vhd Line: 11
Info (12021): Found 1 design units, including 1 entities, in source file db/ip/sld93d01841/submodules/alt_sld_fab_alt_sld_fab_splitter.sv
    Info (12023): Found entity 1: alt_sld_fab_alt_sld_fab_splitter File: I:/ECE554/minilab3/minilab3_proj/db/ip/sld93d01841/submodules/alt_sld_fab_alt_sld_fab_splitter.sv Line: 3
Warning (13046): Tri-state node(s) do not directly drive top-level pin(s)
    Warning (13048): Converted tri-state node "databus[7]" into a selector File: I:/ECE554/minilab3/driver.sv Line: 50
Warning (12241): 1 hierarchies have connectivity warnings - see the Connectivity Checks report folder
Warning (13034): The following nodes have both tri-state and non-tri-state drivers
    Warning (13035): Inserted always-enabled tri-state buffer between "GPIO[3]" and its non-tri-state driver. File: I:/ECE554/minilab3/minilab3_proj/minilab3.v Line: 33
Warning (13039): The following bidirectional pins have no drivers
    Warning (13040): bidirectional pin "GPIO[5]" has no driver File: I:/ECE554/minilab3/minilab3_proj/minilab3.v Line: 33
    Warning (13040): bidirectional pin "GPIO[0]" has no driver File: I:/ECE554/minilab3/minilab3_proj/minilab3.v Line: 33
    Warning (13040): bidirectional pin "GPIO[1]" has no driver File: I:/ECE554/minilab3/minilab3_proj/minilab3.v Line: 33
    Warning (13040): bidirectional pin "GPIO[2]" has no driver File: I:/ECE554/minilab3/minilab3_proj/minilab3.v Line: 33
    Warning (13040): bidirectional pin "GPIO[4]" has no driver File: I:/ECE554/minilab3/minilab3_proj/minilab3.v Line: 33
    Warning (13040): bidirectional pin "GPIO[6]" has no driver File: I:/ECE554/minilab3/minilab3_proj/minilab3.v Line: 33
    Warning (13040): bidirectional pin "GPIO[7]" has no driver File: I:/ECE554/minilab3/minilab3_proj/minilab3.v Line: 33
    Warning (13040): bidirectional pin "GPIO[8]" has no driver File: I:/ECE554/minilab3/minilab3_proj/minilab3.v Line: 33
    Warning (13040): bidirectional pin "GPIO[9]" has no driver File: I:/ECE554/minilab3/minilab3_proj/minilab3.v Line: 33
    Warning (13040): bidirectional pin "GPIO[10]" has no driver File: I:/ECE554/minilab3/minilab3_proj/minilab3.v Line: 33
    Warning (13040): bidirectional pin "GPIO[11]" has no driver File: I:/ECE554/minilab3/minilab3_proj/minilab3.v Line: 33
    Warning (13040): bidirectional pin "GPIO[12]" has no driver File: I:/ECE554/minilab3/minilab3_proj/minilab3.v Line: 33
    Warning (13040): bidirectional pin "GPIO[13]" has no driver File: I:/ECE554/minilab3/minilab3_proj/minilab3.v Line: 33
    Warning (13040): bidirectional pin "GPIO[14]" has no driver File: I:/ECE554/minilab3/minilab3_proj/minilab3.v Line: 33
    Warning (13040): bidirectional pin "GPIO[15]" has no driver File: I:/ECE554/minilab3/minilab3_proj/minilab3.v Line: 33
    Warning (13040): bidirectional pin "GPIO[16]" has no driver File: I:/ECE554/minilab3/minilab3_proj/minilab3.v Line: 33
    Warning (13040): bidirectional pin "GPIO[17]" has no driver File: I:/ECE554/minilab3/minilab3_proj/minilab3.v Line: 33
    Warning (13040): bidirectional pin "GPIO[18]" has no driver File: I:/ECE554/minilab3/minilab3_proj/minilab3.v Line: 33
    Warning (13040): bidirectional pin "GPIO[19]" has no driver File: I:/ECE554/minilab3/minilab3_proj/minilab3.v Line: 33
    Warning (13040): bidirectional pin "GPIO[20]" has no driver File: I:/ECE554/minilab3/minilab3_proj/minilab3.v Line: 33
    Warning (13040): bidirectional pin "GPIO[21]" has no driver File: I:/ECE554/minilab3/minilab3_proj/minilab3.v Line: 33
    Warning (13040): bidirectional pin "GPIO[22]" has no driver File: I:/ECE554/minilab3/minilab3_proj/minilab3.v Line: 33
    Warning (13040): bidirectional pin "GPIO[23]" has no driver File: I:/ECE554/minilab3/minilab3_proj/minilab3.v Line: 33
    Warning (13040): bidirectional pin "GPIO[24]" has no driver File: I:/ECE554/minilab3/minilab3_proj/minilab3.v Line: 33
    Warning (13040): bidirectional pin "GPIO[25]" has no driver File: I:/ECE554/minilab3/minilab3_proj/minilab3.v Line: 33
    Warning (13040): bidirectional pin "GPIO[26]" has no driver File: I:/ECE554/minilab3/minilab3_proj/minilab3.v Line: 33
    Warning (13040): bidirectional pin "GPIO[27]" has no driver File: I:/ECE554/minilab3/minilab3_proj/minilab3.v Line: 33
    Warning (13040): bidirectional pin "GPIO[28]" has no driver File: I:/ECE554/minilab3/minilab3_proj/minilab3.v Line: 33
    Warning (13040): bidirectional pin "GPIO[29]" has no driver File: I:/ECE554/minilab3/minilab3_proj/minilab3.v Line: 33
    Warning (13040): bidirectional pin "GPIO[30]" has no driver File: I:/ECE554/minilab3/minilab3_proj/minilab3.v Line: 33
    Warning (13040): bidirectional pin "GPIO[31]" has no driver File: I:/ECE554/minilab3/minilab3_proj/minilab3.v Line: 33
    Warning (13040): bidirectional pin "GPIO[32]" has no driver File: I:/ECE554/minilab3/minilab3_proj/minilab3.v Line: 33
    Warning (13040): bidirectional pin "GPIO[33]" has no driver File: I:/ECE554/minilab3/minilab3_proj/minilab3.v Line: 33
    Warning (13040): bidirectional pin "GPIO[34]" has no driver File: I:/ECE554/minilab3/minilab3_proj/minilab3.v Line: 33
    Warning (13040): bidirectional pin "GPIO[35]" has no driver File: I:/ECE554/minilab3/minilab3_proj/minilab3.v Line: 33
Warning (13044): Always-enabled tri-state buffer(s) removed
    Warning (13045): Converted the fanout from the always-enabled tri-state buffer "spart:spart0|databus[0]" to the node "HEX5[0]" into a wire File: I:/ECE554/minilab3/spart.sv Line: 28
    Warning (13045): Converted the fanout from the always-enabled tri-state buffer "spart:spart0|databus[1]" to the node "HEX5[1]" into a wire File: I:/ECE554/minilab3/spart.sv Line: 28
    Warning (13045): Converted the fanout from the always-enabled tri-state buffer "spart:spart0|databus[2]" to the node "HEX5[2]" into a wire File: I:/ECE554/minilab3/spart.sv Line: 28
    Warning (13045): Converted the fanout from the always-enabled tri-state buffer "spart:spart0|databus[3]" to the node "HEX5[3]" into a wire File: I:/ECE554/minilab3/spart.sv Line: 28
    Warning (13045): Converted the fanout from the always-enabled tri-state buffer "spart:spart0|databus[4]" to the node "HEX5[4]" into a wire File: I:/ECE554/minilab3/spart.sv Line: 28
    Warning (13045): Converted the fanout from the always-enabled tri-state buffer "spart:spart0|databus[5]" to the node "HEX5[5]" into a wire File: I:/ECE554/minilab3/spart.sv Line: 28
    Warning (13045): Converted the fanout from the always-enabled tri-state buffer "spart:spart0|databus[6]" to the node "HEX5[6]" into a wire File: I:/ECE554/minilab3/spart.sv Line: 28
Warning (13046): Tri-state node(s) do not directly drive top-level pin(s)
    Warning (13047): Converted the fan-out from the tri-state buffer "spart:spart0|databus[0]" to the node "spart:spart0|division_buffer[8]" into an OR gate File: I:/ECE554/minilab3/spart.sv Line: 28
    Warning (13047): Converted the fan-out from the tri-state buffer "spart:spart0|databus[1]" to the node "spart:spart0|division_buffer[9]" into an OR gate File: I:/ECE554/minilab3/spart.sv Line: 28
    Warning (13047): Converted the fan-out from the tri-state buffer "spart:spart0|databus[2]" to the node "spart:spart0|division_buffer[10]" into an OR gate File: I:/ECE554/minilab3/spart.sv Line: 28
    Warning (13047): Converted the fan-out from the tri-state buffer "spart:spart0|databus[3]" to the node "spart:spart0|division_buffer[11]" into an OR gate File: I:/ECE554/minilab3/spart.sv Line: 28
    Warning (13047): Converted the fan-out from the tri-state buffer "spart:spart0|databus[4]" to the node "spart:spart0|division_buffer[12]" into an OR gate File: I:/ECE554/minilab3/spart.sv Line: 28
    Warning (13047): Converted the fan-out from the tri-state buffer "spart:spart0|databus[5]" to the node "spart:spart0|division_buffer[13]" into an OR gate File: I:/ECE554/minilab3/spart.sv Line: 28
    Warning (13047): Converted the fan-out from the tri-state buffer "spart:spart0|databus[6]" to the node "spart:spart0|division_buffer[14]" into an OR gate File: I:/ECE554/minilab3/spart.sv Line: 28
Warning (13009): TRI or OPNDRN buffers permanently enabled
    Warning (13010): Node "GPIO[3]~synth" File: I:/ECE554/minilab3/minilab3_proj/minilab3.v Line: 33
Warning (13024): Output pins are stuck at VCC or GND
    Warning (13410): Pin "HEX0[0]" is stuck at GND File: I:/ECE554/minilab3/minilab3_proj/minilab3.v Line: 15
    Warning (13410): Pin "HEX0[1]" is stuck at GND File: I:/ECE554/minilab3/minilab3_proj/minilab3.v Line: 15
    Warning (13410): Pin "HEX0[2]" is stuck at GND File: I:/ECE554/minilab3/minilab3_proj/minilab3.v Line: 15
    Warning (13410): Pin "HEX0[3]" is stuck at GND File: I:/ECE554/minilab3/minilab3_proj/minilab3.v Line: 15
    Warning (13410): Pin "HEX0[4]" is stuck at GND File: I:/ECE554/minilab3/minilab3_proj/minilab3.v Line: 15
    Warning (13410): Pin "HEX0[5]" is stuck at GND File: I:/ECE554/minilab3/minilab3_proj/minilab3.v Line: 15
    Warning (13410): Pin "HEX0[6]" is stuck at VCC File: I:/ECE554/minilab3/minilab3_proj/minilab3.v Line: 15
    Warning (13410): Pin "HEX1[0]" is stuck at GND File: I:/ECE554/minilab3/minilab3_proj/minilab3.v Line: 16
    Warning (13410): Pin "HEX1[1]" is stuck at GND File: I:/ECE554/minilab3/minilab3_proj/minilab3.v Line: 16
    Warning (13410): Pin "HEX1[2]" is stuck at GND File: I:/ECE554/minilab3/minilab3_proj/minilab3.v Line: 16
    Warning (13410): Pin "HEX1[3]" is stuck at GND File: I:/ECE554/minilab3/minilab3_proj/minilab3.v Line: 16
    Warning (13410): Pin "HEX1[4]" is stuck at GND File: I:/ECE554/minilab3/minilab3_proj/minilab3.v Line: 16
    Warning (13410): Pin "HEX1[5]" is stuck at GND File: I:/ECE554/minilab3/minilab3_proj/minilab3.v Line: 16
    Warning (13410): Pin "HEX1[6]" is stuck at VCC File: I:/ECE554/minilab3/minilab3_proj/minilab3.v Line: 16
    Warning (13410): Pin "HEX2[6]" is stuck at GND File: I:/ECE554/minilab3/minilab3_proj/minilab3.v Line: 17
    Warning (13410): Pin "HEX3[1]" is stuck at GND File: I:/ECE554/minilab3/minilab3_proj/minilab3.v Line: 18
    Warning (13410): Pin "HEX3[2]" is stuck at GND File: I:/ECE554/minilab3/minilab3_proj/minilab3.v Line: 18
    Warning (13410): Pin "HEX3[5]" is stuck at GND File: I:/ECE554/minilab3/minilab3_proj/minilab3.v Line: 18
    Warning (13410): Pin "HEX3[6]" is stuck at GND File: I:/ECE554/minilab3/minilab3_proj/minilab3.v Line: 18
    Warning (13410): Pin "HEX4[4]" is stuck at VCC File: I:/ECE554/minilab3/minilab3_proj/minilab3.v Line: 19
    Warning (13410): Pin "HEX4[5]" is stuck at VCC File: I:/ECE554/minilab3/minilab3_proj/minilab3.v Line: 19
    Warning (13410): Pin "LEDR[1]" is stuck at GND File: I:/ECE554/minilab3/minilab3_proj/minilab3.v Line: 26
    Warning (13410): Pin "LEDR[2]" is stuck at GND File: I:/ECE554/minilab3/minilab3_proj/minilab3.v Line: 26
    Warning (13410): Pin "LEDR[3]" is stuck at GND File: I:/ECE554/minilab3/minilab3_proj/minilab3.v Line: 26
    Warning (13410): Pin "LEDR[4]" is stuck at GND File: I:/ECE554/minilab3/minilab3_proj/minilab3.v Line: 26
    Warning (13410): Pin "LEDR[5]" is stuck at GND File: I:/ECE554/minilab3/minilab3_proj/minilab3.v Line: 26
    Warning (13410): Pin "LEDR[6]" is stuck at GND File: I:/ECE554/minilab3/minilab3_proj/minilab3.v Line: 26
    Warning (13410): Pin "LEDR[7]" is stuck at GND File: I:/ECE554/minilab3/minilab3_proj/minilab3.v Line: 26
Info (286031): Timing-Driven Synthesis is running on partition "Top"
Warning (14632): Output pin "LEDR[9]" driven by bidirectional pin "GPIO[5]" cannot be tri-stated File: I:/ECE554/minilab3/minilab3_proj/minilab3.v Line: 26
Warning (14632): Output pin "pre_syn.bp.spart0_rxd" driven by bidirectional pin "GPIO[5]" cannot be tri-stated File: I:/ECE554/minilab3/minilab3_proj/minilab3.v Line: 33
Info (17049): 2 registers lost all their fanouts during netlist optimizations.
Info (35024): Successfully connected in-system debug instance "auto_signaltap_0" to all 39 required data inputs, trigger inputs, acquisition clocks, and dynamic pins
Info (16010): Generating hard_block partition "hard_block:auto_generated_inst"
    Info (16011): Adding 9 node(s), including 0 DDIO, 0 PLL, 0 transceiver and 0 LCELL
Warning (21074): Design contains 14 input pin(s) that do not drive logic
    Warning (15610): No output dependent on input pin "CLOCK2_50" File: I:/ECE554/minilab3/minilab3_proj/minilab3.v Line: 10
    Warning (15610): No output dependent on input pin "CLOCK3_50" File: I:/ECE554/minilab3/minilab3_proj/minilab3.v Line: 11
    Warning (15610): No output dependent on input pin "CLOCK4_50" File: I:/ECE554/minilab3/minilab3_proj/minilab3.v Line: 12
    Warning (15610): No output dependent on input pin "KEY[1]" File: I:/ECE554/minilab3/minilab3_proj/minilab3.v Line: 23
    Warning (15610): No output dependent on input pin "KEY[2]" File: I:/ECE554/minilab3/minilab3_proj/minilab3.v Line: 23
    Warning (15610): No output dependent on input pin "KEY[3]" File: I:/ECE554/minilab3/minilab3_proj/minilab3.v Line: 23
    Warning (15610): No output dependent on input pin "SW[0]" File: I:/ECE554/minilab3/minilab3_proj/minilab3.v Line: 29
    Warning (15610): No output dependent on input pin "SW[1]" File: I:/ECE554/minilab3/minilab3_proj/minilab3.v Line: 29
    Warning (15610): No output dependent on input pin "SW[2]" File: I:/ECE554/minilab3/minilab3_proj/minilab3.v Line: 29
    Warning (15610): No output dependent on input pin "SW[3]" File: I:/ECE554/minilab3/minilab3_proj/minilab3.v Line: 29
    Warning (15610): No output dependent on input pin "SW[4]" File: I:/ECE554/minilab3/minilab3_proj/minilab3.v Line: 29
    Warning (15610): No output dependent on input pin "SW[5]" File: I:/ECE554/minilab3/minilab3_proj/minilab3.v Line: 29
    Warning (15610): No output dependent on input pin "SW[6]" File: I:/ECE554/minilab3/minilab3_proj/minilab3.v Line: 29
    Warning (15610): No output dependent on input pin "SW[7]" File: I:/ECE554/minilab3/minilab3_proj/minilab3.v Line: 29
Info (21057): Implemented 809 device resources after synthesis - the final resource count might be different
    Info (21058): Implemented 21 input pins
    Info (21059): Implemented 53 output pins
    Info (21060): Implemented 36 bidirectional pins
    Info (21061): Implemented 695 logic cells
    Info (21064): Implemented 3 RAM segments
Info: Quartus Prime Analysis & Synthesis was successful. 0 errors, 114 warnings
    Info: Peak virtual memory: 4930 megabytes
    Info: Processing ended: Fri Feb 14 19:29:33 2025
    Info: Elapsed time: 00:00:32
    Info: Total CPU time (on all processors): 00:00:30


